Offer Image,Offer Title,Offer Description,Coupon Code,Offer Link,Eligible Credit Cards
https://www.cleartrip.com/all-offers/wp-content/uploads/2023/12/YES-LOGO.jpg,Get Flat 15% off on,Hotels with Yes Bank Credit Card EMI transactions!,YESMI,https://www.cleartrip.com/all-offers/yes-ncemi-hotels-offer-2/,Yes ELITE + Credit Card
https://www.cleartrip.com/all-offers/wp-content/uploads/2023/12/YES-LOGO.jpg,Get Flat 15% off on,Hotels with Yes Bank Credit Card EMI transactions!,YESMI,https://www.cleartrip.com/all-offers/yes-ncemi-hotels-offer-2/,Yes Prosperity Reward Plus Credit Card
https://www.cleartrip.com/all-offers/wp-content/uploads/2023/12/YES-LOGO.jpg,Get Flat 15% off on,Hotels with Yes Bank Credit Card EMI transactions!,YESMI,https://www.cleartrip.com/all-offers/yes-ncemi-hotels-offer-2/,Yes Bank Card Anq Phi Credit  Card
https://www.cleartrip.com/all-offers/wp-content/uploads/2023/12/YES-LOGO.jpg,Get Flat 15% off on,Hotels with Yes Bank Credit Card EMI transactions!,YESMI,https://www.cleartrip.com/all-offers/yes-ncemi-hotels-offer-2/,YES Bank Paisabazaar Paisasave Credit Card
https://www.cleartrip.com/all-offers/wp-content/uploads/2023/12/YES-LOGO.jpg,Get Flat 15% off on,Hotels with Yes Bank Credit Card EMI transactions!,YESMI,https://www.cleartrip.com/all-offers/yes-ncemi-hotels-offer-2/,YES Bank Marquee Credit Card
https://www.cleartrip.com/all-offers/wp-content/uploads/2023/12/YES-LOGO.jpg,Get Flat 15% off on,Hotels with Yes Bank Credit Card EMI transactions!,YESMI,https://www.cleartrip.com/all-offers/yes-ncemi-hotels-offer-2/,Yes Prosperity Cashback Plus Credit Card
https://www.cleartrip.com/all-offers/wp-content/uploads/2023/12/YES-LOGO.jpg,Get Flat 15% off on,Hotels with Yes Bank Credit Card EMI transactions!,YESMI,https://www.cleartrip.com/all-offers/yes-ncemi-hotels-offer-2/,Yes EMI Credit Card
https://www.cleartrip.com/all-offers/wp-content/uploads/2023/12/YES-LOGO.jpg,Get Flat 15% off on,Hotels with Yes Bank Credit Card EMI transactions!,YESMI,https://www.cleartrip.com/all-offers/yes-ncemi-hotels-offer-2/,Yes Reserv Credit Card
https://www.cleartrip.com/all-offers/wp-content/uploads/2023/12/YES-LOGO.jpg,Get Flat 15% off on,Hotels with Yes Bank Credit Card EMI transactions!,YESMI,https://www.cleartrip.com/all-offers/yes-ncemi-hotels-offer-2/,Yes Prosperity Cashback Credit Card
https://www.cleartrip.com/all-offers/wp-content/uploads/2023/12/YES-LOGO.jpg,Get Flat 15% off on,Hotels with Yes Bank Credit Card EMI transactions!,YESMI,https://www.cleartrip.com/all-offers/yes-ncemi-hotels-offer-2/,Yes Bank BYOC Credit Card
https://www.cleartrip.com/all-offers/wp-content/uploads/2023/12/YES-LOGO.jpg,Get Flat 15% off on,Hotels with Yes Bank Credit Card EMI transactions!,YESMI,https://www.cleartrip.com/all-offers/yes-ncemi-hotels-offer-2/,Yes Bank Finbooster Credit Card
https://www.cleartrip.com/all-offers/wp-content/uploads/2023/12/YES-LOGO.jpg,Get Flat 15% off on,Hotels with Yes Bank Credit Card EMI transactions!,YESMI,https://www.cleartrip.com/all-offers/yes-ncemi-hotels-offer-2/,Yes Bank Wellness Credit Card
https://www.cleartrip.com/all-offers/wp-content/uploads/2023/12/YES-LOGO.jpg,Get Flat 15% off on,Hotels with Yes Bank Credit Card EMI transactions!,YESMI,https://www.cleartrip.com/all-offers/yes-ncemi-hotels-offer-2/,Yes Private Prime Credit Card
https://www.cleartrip.com/all-offers/wp-content/uploads/2023/12/YES-LOGO.jpg,Get Flat 15% off on,Hotels with Yes Bank Credit Card EMI transactions!,YESMI,https://www.cleartrip.com/all-offers/yes-ncemi-hotels-offer-2/,Yes Bank Wellness Plus Credit Card
https://www.cleartrip.com/all-offers/wp-content/uploads/2023/12/YES-LOGO.jpg,Get Flat 15% off on,Hotels with Yes Bank Credit Card EMI transactions!,YESMI,https://www.cleartrip.com/all-offers/yes-ncemi-hotels-offer-2/,Yes Prosperity Reward Credit Card
https://www.cleartrip.com/all-offers/wp-content/uploads/2023/12/YES-LOGO.jpg,Get Flat 15% off on,Hotels with Yes Bank Credit Card EMI transactions!,YESMI,https://www.cleartrip.com/all-offers/yes-ncemi-hotels-offer-2/,Yes Bank Anq Pi Credit Card
https://www.cleartrip.com/all-offers/wp-content/uploads/2023/12/YES-LOGO.jpg,Get Flat 15% off on,Hotels with Yes Bank Credit Card EMI transactions!,YESMI,https://www.cleartrip.com/all-offers/yes-ncemi-hotels-offer-2/,YES Bank Rio RuPay Credit Card
https://www.cleartrip.com/all-offers/wp-content/uploads/2023/12/YES-LOGO.jpg,Get Flat 15% off on,Hotels with Yes Bank Credit Card EMI transactions!,YESMI,https://www.cleartrip.com/all-offers/yes-ncemi-hotels-offer-2/,Yes Prosperity Edge Credit Card
https://www.cleartrip.com/all-offers/wp-content/uploads/2024/04/bob_logo.png,Get upto 20% off,Hotels with Bank of Baroda with NCEMI on Credit Cards,BOBEMI,https://www.cleartrip.com/all-offers/bob-cc-emi-hotels-offer/,Bank of Baroda Premier Credit card
https://www.cleartrip.com/all-offers/wp-content/uploads/2024/04/bob_logo.png,Get upto 20% off,Hotels with Bank of Baroda with NCEMI on Credit Cards,BOBEMI,https://www.cleartrip.com/all-offers/bob-cc-emi-hotels-offer/,BOB Assure Credit Card
https://www.cleartrip.com/all-offers/wp-content/uploads/2024/04/bob_logo.png,Get upto 20% off,Hotels with Bank of Baroda with NCEMI on Credit Cards,BOBEMI,https://www.cleartrip.com/all-offers/bob-cc-emi-hotels-offer/,Eterna Bobcard
https://www.cleartrip.com/all-offers/wp-content/uploads/2024/04/bob_logo.png,Get upto 20% off,Hotels with Bank of Baroda with NCEMI on Credit Cards,BOBEMI,https://www.cleartrip.com/all-offers/bob-cc-emi-hotels-offer/,Indian Navy Varunah Premium Bobcard
https://www.cleartrip.com/all-offers/wp-content/uploads/2024/04/bob_logo.png,Get upto 20% off,Hotels with Bank of Baroda with NCEMI on Credit Cards,BOBEMI,https://www.cleartrip.com/all-offers/bob-cc-emi-hotels-offer/,CMA One Bobcard
https://www.cleartrip.com/all-offers/wp-content/uploads/2024/04/bob_logo.png,Get upto 20% off,Hotels with Bank of Baroda with NCEMI on Credit Cards,BOBEMI,https://www.cleartrip.com/all-offers/bob-cc-emi-hotels-offer/,Bank of Baroda ETERNA Credit card
https://www.cleartrip.com/all-offers/wp-content/uploads/2024/04/bob_logo.png,Get upto 20% off,Hotels with Bank of Baroda with NCEMI on Credit Cards,BOBEMI,https://www.cleartrip.com/all-offers/bob-cc-emi-hotels-offer/,ICSI Diamond Bobcard
https://www.cleartrip.com/all-offers/wp-content/uploads/2024/04/bob_logo.png,Get upto 20% off,Hotels with Bank of Baroda with NCEMI on Credit Cards,BOBEMI,https://www.cleartrip.com/all-offers/bob-cc-emi-hotels-offer/,Bank of Baroda EASY Credit Card
https://www.cleartrip.com/all-offers/wp-content/uploads/2024/04/bob_logo.png,Get upto 20% off,Hotels with Bank of Baroda with NCEMI on Credit Cards,BOBEMI,https://www.cleartrip.com/all-offers/bob-cc-emi-hotels-offer/,ICAI Exclusive Bobcard
https://www.cleartrip.com/all-offers/wp-content/uploads/2024/04/bob_logo.png,Get upto 20% off,Hotels with Bank of Baroda with NCEMI on Credit Cards,BOBEMI,https://www.cleartrip.com/all-offers/bob-cc-emi-hotels-offer/,Assam Rifles The Sentinel Bobcard
https://www.cleartrip.com/all-offers/wp-content/uploads/2024/04/bob_logo.png,Get upto 20% off,Hotels with Bank of Baroda with NCEMI on Credit Cards,BOBEMI,https://www.cleartrip.com/all-offers/bob-cc-emi-hotels-offer/,Indian Army Yoddha Bobcard
https://www.cleartrip.com/all-offers/wp-content/uploads/2024/04/bob_logo.png,Get upto 20% off,Hotels with Bank of Baroda with NCEMI on Credit Cards,BOBEMI,https://www.cleartrip.com/all-offers/bob-cc-emi-hotels-offer/,HPCL BoB ENERGIE
https://www.cleartrip.com/all-offers/wp-content/uploads/2024/04/bob_logo.png,Get upto 20% off,Hotels with Bank of Baroda with NCEMI on Credit Cards,BOBEMI,https://www.cleartrip.com/all-offers/bob-cc-emi-hotels-offer/,Prime Bobcard
https://www.cleartrip.com/all-offers/wp-content/uploads/2024/04/bob_logo.png,Get upto 20% off,Hotels with Bank of Baroda with NCEMI on Credit Cards,BOBEMI,https://www.cleartrip.com/all-offers/bob-cc-emi-hotels-offer/,Swavlamban Bobcard
https://www.cleartrip.com/all-offers/wp-content/uploads/2024/04/bob_logo.png,Get upto 20% off,Hotels with Bank of Baroda with NCEMI on Credit Cards,BOBEMI,https://www.cleartrip.com/all-offers/bob-cc-emi-hotels-offer/,IRCTC Bobcard
https://www.cleartrip.com/all-offers/wp-content/uploads/2024/04/bob_logo.png,Get upto 20% off,Hotels with Bank of Baroda with NCEMI on Credit Cards,BOBEMI,https://www.cleartrip.com/all-offers/bob-cc-emi-hotels-offer/,Snapdeal Bobcard
https://www.cleartrip.com/all-offers/wp-content/uploads/2024/04/bob_logo.png,Get upto 20% off,Hotels with Bank of Baroda with NCEMI on Credit Cards,BOBEMI,https://www.cleartrip.com/all-offers/bob-cc-emi-hotels-offer/,Unnati Bobcard
https://www.cleartrip.com/all-offers/wp-content/uploads/2024/04/bob_logo.png,Get upto 20% off,Hotels with Bank of Baroda with NCEMI on Credit Cards,BOBEMI,https://www.cleartrip.com/all-offers/bob-cc-emi-hotels-offer/,Indian Coast Guard Rakshamah Bank of Baroda
https://www.cleartrip.com/all-offers/wp-content/uploads/2024/04/bob_logo.png,Get upto 20% off,Hotels with Bank of Baroda with NCEMI on Credit Cards,BOBEMI,https://www.cleartrip.com/all-offers/bob-cc-emi-hotels-offer/,SELECT
https://www.cleartrip.com/all-offers/wp-content/uploads/2023/11/idfc-e1715077608337.jpg,Get upto 15% off,Hotels with IDFC Bank with EMI on Credit Cards,IDFCEMI,https://www.cleartrip.com/all-offers/idfc-first-bank-credit-cards-hotels-campaign/,IDFC Bank First Millennia Credit Card
https://www.cleartrip.com/all-offers/wp-content/uploads/2023/11/idfc-e1715077608337.jpg,Get upto 15% off,Hotels with IDFC Bank with EMI on Credit Cards,IDFCEMI,https://www.cleartrip.com/all-offers/idfc-first-bank-credit-cards-hotels-campaign/,IDFC First Power RuPay Credit Card
https://www.cleartrip.com/all-offers/wp-content/uploads/2023/11/idfc-e1715077608337.jpg,Get upto 15% off,Hotels with IDFC Bank with EMI on Credit Cards,IDFCEMI,https://www.cleartrip.com/all-offers/idfc-first-bank-credit-cards-hotels-campaign/,IDFC First Select Credit Card
https://www.cleartrip.com/all-offers/wp-content/uploads/2023/11/idfc-e1715077608337.jpg,Get upto 15% off,Hotels with IDFC Bank with EMI on Credit Cards,IDFCEMI,https://www.cleartrip.com/all-offers/idfc-first-bank-credit-cards-hotels-campaign/,IDFC First Classic Credit Card
https://www.cleartrip.com/all-offers/wp-content/uploads/2023/11/idfc-e1715077608337.jpg,Get upto 15% off,Hotels with IDFC Bank with EMI on Credit Cards,IDFCEMI,https://www.cleartrip.com/all-offers/idfc-first-bank-credit-cards-hotels-campaign/,IDFC First Earn RuPay Credit Card
https://www.cleartrip.com/all-offers/wp-content/uploads/2023/11/idfc-e1715077608337.jpg,Get upto 15% off,Hotels with IDFC Bank with EMI on Credit Cards,IDFCEMI,https://www.cleartrip.com/all-offers/idfc-first-bank-credit-cards-hotels-campaign/,IDFC First Power+ RuPay Credit Card
https://www.cleartrip.com/all-offers/wp-content/uploads/2023/11/idfc-e1715077608337.jpg,Get upto 15% off,Hotels with IDFC Bank with EMI on Credit Cards,IDFCEMI,https://www.cleartrip.com/all-offers/idfc-first-bank-credit-cards-hotels-campaign/,IDFC First SWYP Credit Card
https://www.cleartrip.com/all-offers/wp-content/uploads/2023/11/idfc-e1715077608337.jpg,Get upto 15% off,Hotels with IDFC Bank with EMI on Credit Cards,IDFCEMI,https://www.cleartrip.com/all-offers/idfc-first-bank-credit-cards-hotels-campaign/,IDFC First Wealth Credit Card
https://www.cleartrip.com/all-offers/wp-content/uploads/2023/11/idfc-e1715077608337.jpg,Get upto 15% off,Hotels with IDFC Bank with EMI on Credit Cards,IDFCEMI,https://www.cleartrip.com/all-offers/idfc-first-bank-credit-cards-hotels-campaign/,IDFC Mayura Credit Card
https://www.cleartrip.com/all-offers/wp-content/uploads/2023/11/idfc-e1715077608337.jpg,Get upto 15% off,Hotels with IDFC Bank with EMI on Credit Cards,IDFCEMI,https://www.cleartrip.com/all-offers/idfc-first-bank-credit-cards-hotels-campaign/,IDFC First Private Credit Card
https://www.cleartrip.com/all-offers/wp-content/uploads/2023/11/idfc-e1715077608337.jpg,Get upto 15% off,Hotels with IDFC Bank with EMI on Credit Cards,IDFCEMI,https://www.cleartrip.com/all-offers/idfc-first-bank-credit-cards-hotels-campaign/,IDFC First Ashva Credit Card
https://www.cleartrip.com/all-offers/wp-content/uploads/2023/11/idfc-e1715077608337.jpg,Get upto 15% off,Hotels with IDFC Bank with EMI on Credit Cards,IDFCEMI,https://www.cleartrip.com/all-offers/idfc-first-bank-credit-cards-hotels-campaign/,IDFC First Wow Credit Card
https://www.cleartrip.com/all-offers/wp-content/uploads/2024/01/SBI-Logo-1.png,Flat 20% off on SBI Cards,Applicable on Credit Cards & EMI Transactions!,SBICC | SBIEMI,https://www.cleartrip.com/all-offers/sbi-credit-cards-weekly-campaign-2/,Tata Neu Plus Visa SBI Card
https://www.cleartrip.com/all-offers/wp-content/uploads/2024/01/SBI-Logo-1.png,Flat 20% off on SBI Cards,Applicable on Credit Cards & EMI Transactions!,SBICC | SBIEMI,https://www.cleartrip.com/all-offers/sbi-credit-cards-weekly-campaign-2/,Tata Neu Plus SBI Card
,,,,,
https://www.cleartrip.com/all-offers/wp-content/uploads/2024/01/SBI-Logo-1.png,Flat 20% off on SBI Cards,Applicable on Credit Cards & EMI Transactions!,SBICC | SBIEMI,https://www.cleartrip.com/all-offers/sbi-credit-cards-weekly-campaign-2/,Tata Neu Infinity SBI Card
https://www.cleartrip.com/all-offers/wp-content/uploads/2024/01/SBI-Logo-1.png,Flat 20% off on SBI Cards,Applicable on Credit Cards & EMI Transactions!,SBICC | SBIEMI,https://www.cleartrip.com/all-offers/sbi-credit-cards-weekly-campaign-2/,Tata Neu Infinity RuPay SBI Card
https://www.cleartrip.com/all-offers/wp-content/uploads/2024/01/SBI-Logo-1.png,Flat 20% off on SBI Cards,Applicable on Credit Cards & EMI Transactions!,SBICC | SBIEMI,https://www.cleartrip.com/all-offers/sbi-credit-cards-weekly-campaign-2/,KrisFlyer SBI Card
https://www.cleartrip.com/all-offers/wp-content/uploads/2024/01/SBI-Logo-1.png,Flat 20% off on SBI Cards,Applicable on Credit Cards & EMI Transactions!,SBICC | SBIEMI,https://www.cleartrip.com/all-offers/sbi-credit-cards-weekly-campaign-2/,Etihad Guest SBI Card
https://www.cleartrip.com/all-offers/wp-content/uploads/2024/01/SBI-Logo-1.png,Flat 20% off on SBI Cards,Applicable on Credit Cards & EMI Transactions!,SBICC | SBIEMI,https://www.cleartrip.com/all-offers/sbi-credit-cards-weekly-campaign-2/,SBI Card Prime
https://www.cleartrip.com/all-offers/wp-content/uploads/2024/01/SBI-Logo-1.png,Flat 20% off on SBI Cards,Applicable on Credit Cards & EMI Transactions!,SBICC | SBIEMI,https://www.cleartrip.com/all-offers/sbi-credit-cards-weekly-campaign-2/,PSB SBI Card Prime
https://www.cleartrip.com/all-offers/wp-content/uploads/2024/01/SBI-Logo-1.png,Flat 20% off on SBI Cards,Applicable on Credit Cards & EMI Transactions!,SBICC | SBIEMI,https://www.cleartrip.com/all-offers/sbi-credit-cards-weekly-campaign-2/,IRCTC SBI Card Rupay
https://www.cleartrip.com/all-offers/wp-content/uploads/2024/01/SBI-Logo-1.png,Flat 20% off on SBI Cards,Applicable on Credit Cards & EMI Transactions!,SBICC | SBIEMI,https://www.cleartrip.com/all-offers/sbi-credit-cards-weekly-campaign-2/,Etihad Guest Premier SBI Card
https://www.cleartrip.com/all-offers/wp-content/uploads/2024/01/SBI-Logo-1.png,Flat 20% off on SBI Cards,Applicable on Credit Cards & EMI Transactions!,SBICC | SBIEMI,https://www.cleartrip.com/all-offers/sbi-credit-cards-weekly-campaign-2/,Air India SBI Signature Card
https://www.cleartrip.com/all-offers/wp-content/uploads/2024/01/SBI-Logo-1.png,Flat 20% off on SBI Cards,Applicable on Credit Cards & EMI Transactions!,SBICC | SBIEMI,https://www.cleartrip.com/all-offers/sbi-credit-cards-weekly-campaign-2/,Spar SBI Card Prime
https://www.cleartrip.com/all-offers/wp-content/uploads/2024/01/SBI-Logo-1.png,Flat 20% off on SBI Cards,Applicable on Credit Cards & EMI Transactions!,SBICC | SBIEMI,https://www.cleartrip.com/all-offers/sbi-credit-cards-weekly-campaign-2/,UCO Bank SBI Card Elite
https://www.cleartrip.com/all-offers/wp-content/uploads/2024/01/SBI-Logo-1.png,Flat 20% off on SBI Cards,Applicable on Credit Cards & EMI Transactions!,SBICC | SBIEMI,https://www.cleartrip.com/all-offers/sbi-credit-cards-weekly-campaign-2/,Shaurya SBI Card
https://www.cleartrip.com/all-offers/wp-content/uploads/2024/01/SBI-Logo-1.png,Flat 20% off on SBI Cards,Applicable on Credit Cards & EMI Transactions!,SBICC | SBIEMI,https://www.cleartrip.com/all-offers/sbi-credit-cards-weekly-campaign-2/,SBI Card Prime Advantage
https://www.cleartrip.com/all-offers/wp-content/uploads/2024/01/SBI-Logo-1.png,Flat 20% off on SBI Cards,Applicable on Credit Cards & EMI Transactions!,SBICC | SBIEMI,https://www.cleartrip.com/all-offers/sbi-credit-cards-weekly-campaign-2/,SBI Card Miles
https://www.cleartrip.com/all-offers/wp-content/uploads/2024/01/SBI-Logo-1.png,Flat 20% off on SBI Cards,Applicable on Credit Cards & EMI Transactions!,SBICC | SBIEMI,https://www.cleartrip.com/all-offers/sbi-credit-cards-weekly-campaign-2/,Ola Money SBI Credit Card
https://www.cleartrip.com/all-offers/wp-content/uploads/2024/01/SBI-Logo-1.png,Flat 20% off on SBI Cards,Applicable on Credit Cards & EMI Transactions!,SBICC | SBIEMI,https://www.cleartrip.com/all-offers/sbi-credit-cards-weekly-campaign-2/,Club Vistara SBI Card
https://www.cleartrip.com/all-offers/wp-content/uploads/2024/01/SBI-Logo-1.png,Flat 20% off on SBI Cards,Applicable on Credit Cards & EMI Transactions!,SBICC | SBIEMI,https://www.cleartrip.com/all-offers/sbi-credit-cards-weekly-campaign-2/,Central Bank of India SBI Elite Credit Card
https://www.cleartrip.com/all-offers/wp-content/uploads/2024/01/SBI-Logo-1.png,Flat 20% off on SBI Cards,Applicable on Credit Cards & EMI Transactions!,SBICC | SBIEMI,https://www.cleartrip.com/all-offers/sbi-credit-cards-weekly-campaign-2/,Paytm SBI Credit Card
https://www.cleartrip.com/all-offers/wp-content/uploads/2024/01/SBI-Logo-1.png,Flat 20% off on SBI Cards,Applicable on Credit Cards & EMI Transactions!,SBICC | SBIEMI,https://www.cleartrip.com/all-offers/sbi-credit-cards-weekly-campaign-2/,BPCL SBI Credit Card
https://www.cleartrip.com/all-offers/wp-content/uploads/2024/01/SBI-Logo-1.png,Flat 20% off on SBI Cards,Applicable on Credit Cards & EMI Transactions!,SBICC | SBIEMI,https://www.cleartrip.com/all-offers/sbi-credit-cards-weekly-campaign-2/,Lifestyle Home Centre SBI Card Select
https://www.cleartrip.com/all-offers/wp-content/uploads/2024/01/SBI-Logo-1.png,Flat 20% off on SBI Cards,Applicable on Credit Cards & EMI Transactions!,SBICC | SBIEMI,https://www.cleartrip.com/all-offers/sbi-credit-cards-weekly-campaign-2/,Yatra SBI Card
https://www.cleartrip.com/all-offers/wp-content/uploads/2024/01/SBI-Logo-1.png,Flat 20% off on SBI Cards,Applicable on Credit Cards & EMI Transactions!,SBICC | SBIEMI,https://www.cleartrip.com/all-offers/sbi-credit-cards-weekly-campaign-2/,BPCL SBI Card Octane
https://www.cleartrip.com/all-offers/wp-content/uploads/2024/01/SBI-Logo-1.png,Flat 20% off on SBI Cards,Applicable on Credit Cards & EMI Transactions!,SBICC | SBIEMI,https://www.cleartrip.com/all-offers/sbi-credit-cards-weekly-campaign-2/,Reliance SBI Card
https://www.cleartrip.com/all-offers/wp-content/uploads/2024/01/SBI-Logo-1.png,Flat 20% off on SBI Cards,Applicable on Credit Cards & EMI Transactions!,SBICC | SBIEMI,https://www.cleartrip.com/all-offers/sbi-credit-cards-weekly-campaign-2/,Spar SBI Card
https://www.cleartrip.com/all-offers/wp-content/uploads/2024/01/SBI-Logo-1.png,Flat 20% off on SBI Cards,Applicable on Credit Cards & EMI Transactions!,SBICC | SBIEMI,https://www.cleartrip.com/all-offers/sbi-credit-cards-weekly-campaign-2/,Max SBI Card Select
https://www.cleartrip.com/all-offers/wp-content/uploads/2024/01/SBI-Logo-1.png,Flat 20% off on SBI Cards,Applicable on Credit Cards & EMI Transactions!,SBICC | SBIEMI,https://www.cleartrip.com/all-offers/sbi-credit-cards-weekly-campaign-2/,SimplySave SBI Card
https://www.cleartrip.com/all-offers/wp-content/uploads/2024/01/SBI-Logo-1.png,Flat 20% off on SBI Cards,Applicable on Credit Cards & EMI Transactions!,SBICC | SBIEMI,https://www.cleartrip.com/all-offers/sbi-credit-cards-weekly-campaign-2/,Central Bank of India SBI Prime Card
https://www.cleartrip.com/all-offers/wp-content/uploads/2024/01/SBI-Logo-1.png,Flat 20% off on SBI Cards,Applicable on Credit Cards & EMI Transactions!,SBICC | SBIEMI,https://www.cleartrip.com/all-offers/sbi-credit-cards-weekly-campaign-2/,IRCTC SBI Platinum Card
https://www.cleartrip.com/all-offers/wp-content/uploads/2024/01/SBI-Logo-1.png,Flat 20% off on SBI Cards,Applicable on Credit Cards & EMI Transactions!,SBICC | SBIEMI,https://www.cleartrip.com/all-offers/sbi-credit-cards-weekly-campaign-2/,Apollo SBI Card Select
https://www.cleartrip.com/all-offers/wp-content/uploads/2024/01/SBI-Logo-1.png,Flat 20% off on SBI Cards,Applicable on Credit Cards & EMI Transactions!,SBICC | SBIEMI,https://www.cleartrip.com/all-offers/sbi-credit-cards-weekly-campaign-2/,Simplyclick SBI Card
https://www.cleartrip.com/all-offers/wp-content/uploads/2024/01/SBI-Logo-1.png,Flat 20% off on SBI Cards,Applicable on Credit Cards & EMI Transactions!,SBICC | SBIEMI,https://www.cleartrip.com/all-offers/sbi-credit-cards-weekly-campaign-2/,Lifestyle Home Centre SBI Card Prime
https://www.cleartrip.com/all-offers/wp-content/uploads/2024/01/SBI-Logo-1.png,Flat 20% off on SBI Cards,Applicable on Credit Cards & EMI Transactions!,SBICC | SBIEMI,https://www.cleartrip.com/all-offers/sbi-credit-cards-weekly-campaign-2/,City Union Bank SBI Card Prime
https://www.cleartrip.com/all-offers/wp-content/uploads/2024/01/SBI-Logo-1.png,Flat 20% off on SBI Cards,Applicable on Credit Cards & EMI Transactions!,SBICC | SBIEMI,https://www.cleartrip.com/all-offers/sbi-credit-cards-weekly-campaign-2/,SBI Card Elite
https://www.cleartrip.com/all-offers/wp-content/uploads/2024/01/SBI-Logo-1.png,Flat 20% off on SBI Cards,Applicable on Credit Cards & EMI Transactions!,SBICC | SBIEMI,https://www.cleartrip.com/all-offers/sbi-credit-cards-weekly-campaign-2/,PSB SBI Card Elite
https://www.cleartrip.com/all-offers/wp-content/uploads/2024/01/SBI-Logo-1.png,Flat 20% off on SBI Cards,Applicable on Credit Cards & EMI Transactions!,SBICC | SBIEMI,https://www.cleartrip.com/all-offers/sbi-credit-cards-weekly-campaign-2/,FabIndia SBI Card Select
https://www.cleartrip.com/all-offers/wp-content/uploads/2024/01/SBI-Logo-1.png,Flat 20% off on SBI Cards,Applicable on Credit Cards & EMI Transactions!,SBICC | SBIEMI,https://www.cleartrip.com/all-offers/sbi-credit-cards-weekly-campaign-2/,Cashback SBI Credit Card
https://www.cleartrip.com/all-offers/wp-content/uploads/2024/01/SBI-Logo-1.png,Flat 20% off on SBI Cards,Applicable on Credit Cards & EMI Transactions!,SBICC | SBIEMI,https://www.cleartrip.com/all-offers/sbi-credit-cards-weekly-campaign-2/,Max SBI Card Prime
https://www.cleartrip.com/all-offers/wp-content/uploads/2024/01/SBI-Logo-1.png,Flat 20% off on SBI Cards,Applicable on Credit Cards & EMI Transactions!,SBICC | SBIEMI,https://www.cleartrip.com/all-offers/sbi-credit-cards-weekly-campaign-2/,Doctor's SBI Card (In Association With IMA)
https://www.cleartrip.com/all-offers/wp-content/uploads/2024/01/SBI-Logo-1.png,Flat 20% off on SBI Cards,Applicable on Credit Cards & EMI Transactions!,SBICC | SBIEMI,https://www.cleartrip.com/all-offers/sbi-credit-cards-weekly-campaign-2/,Paytm SBI Card Select
https://www.cleartrip.com/all-offers/wp-content/uploads/2024/01/SBI-Logo-1.png,Flat 20% off on SBI Cards,Applicable on Credit Cards & EMI Transactions!,SBICC | SBIEMI,https://www.cleartrip.com/all-offers/sbi-credit-cards-weekly-campaign-2/,SBI Pulse Credit Card
https://www.cleartrip.com/all-offers/wp-content/uploads/2024/01/SBI-Logo-1.png,Flat 20% off on SBI Cards,Applicable on Credit Cards & EMI Transactions!,SBICC | SBIEMI,https://www.cleartrip.com/all-offers/sbi-credit-cards-weekly-campaign-2/,Simplyclick Advantage SBI Card
https://www.cleartrip.com/all-offers/wp-content/uploads/2024/01/SBI-Logo-1.png,Flat 20% off on SBI Cards,Applicable on Credit Cards & EMI Transactions!,SBICC | SBIEMI,https://www.cleartrip.com/all-offers/sbi-credit-cards-weekly-campaign-2/,Aditya Birla SBI Card
https://www.cleartrip.com/all-offers/wp-content/uploads/2024/01/SBI-Logo-1.png,Flat 20% off on SBI Cards,Applicable on Credit Cards & EMI Transactions!,SBICC | SBIEMI,https://www.cleartrip.com/all-offers/sbi-credit-cards-weekly-campaign-2/,Reliance SBI Card Prime
https://www.cleartrip.com/all-offers/wp-content/uploads/2024/01/SBI-Logo-1.png,Flat 20% off on SBI Cards,Applicable on Credit Cards & EMI Transactions!,SBICC | SBIEMI,https://www.cleartrip.com/all-offers/sbi-credit-cards-weekly-campaign-2/,Simplysave Advantage SBI Card
https://www.cleartrip.com/all-offers/wp-content/uploads/2024/01/SBI-Logo-1.png,Flat 20% off on SBI Cards,Applicable on Credit Cards & EMI Transactions!,SBICC | SBIEMI,https://www.cleartrip.com/all-offers/sbi-credit-cards-weekly-campaign-2/,Air India SBI Platinum Credit Card
https://www.cleartrip.com/all-offers/wp-content/uploads/2024/01/SBI-Logo-1.png,Flat 20% off on SBI Cards,Applicable on Credit Cards & EMI Transactions!,SBICC | SBIEMI,https://www.cleartrip.com/all-offers/sbi-credit-cards-weekly-campaign-2/,City Union Bank SBI Simplysave Credit Card
https://www.cleartrip.com/all-offers/wp-content/uploads/2024/01/SBI-Logo-1.png,Flat 20% off on SBI Cards,Applicable on Credit Cards & EMI Transactions!,SBICC | SBIEMI,https://www.cleartrip.com/all-offers/sbi-credit-cards-weekly-campaign-2/,Spar SBI Card Select
https://www.cleartrip.com/all-offers/wp-content/uploads/2024/01/SBI-Logo-1.png,Flat 20% off on SBI Cards,Applicable on Credit Cards & EMI Transactions!,SBICC | SBIEMI,https://www.cleartrip.com/all-offers/sbi-credit-cards-weekly-campaign-2/,Club Vistara SBI Card Prime
https://www.cleartrip.com/all-offers/wp-content/uploads/2024/01/SBI-Logo-1.png,Flat 20% off on SBI Cards,Applicable on Credit Cards & EMI Transactions!,SBICC | SBIEMI,https://www.cleartrip.com/all-offers/sbi-credit-cards-weekly-campaign-2/,Shaurya Select SBI Credit Card
https://www.cleartrip.com/all-offers/wp-content/uploads/2024/01/SBI-Logo-1.png,Flat 20% off on SBI Cards,Applicable on Credit Cards & EMI Transactions!,SBICC | SBIEMI,https://www.cleartrip.com/all-offers/sbi-credit-cards-weekly-campaign-2/,IRCTC SBI Card Premier
https://www.cleartrip.com/all-offers/wp-content/uploads/2024/01/SBI-Logo-1.png,Flat 20% off on SBI Cards,Applicable on Credit Cards & EMI Transactions!,SBICC | SBIEMI,https://www.cleartrip.com/all-offers/sbi-credit-cards-weekly-campaign-2/,Doctor's SBI Card
https://www.cleartrip.com/all-offers/wp-content/uploads/2024/01/SBI-Logo-1.png,Flat 20% off on SBI Cards,Applicable on Credit Cards & EMI Transactions!,SBICC | SBIEMI,https://www.cleartrip.com/all-offers/sbi-credit-cards-weekly-campaign-2/,Lifestyle Home Centre SBI Card
https://www.cleartrip.com/all-offers/wp-content/uploads/2024/01/SBI-Logo-1.png,Flat 20% off on SBI Cards,Applicable on Credit Cards & EMI Transactions!,SBICC | SBIEMI,https://www.cleartrip.com/all-offers/sbi-credit-cards-weekly-campaign-2/,Titan SBI Credit Card
https://www.cleartrip.com/all-offers/wp-content/uploads/2024/01/SBI-Logo-1.png,Flat 20% off on SBI Cards,Applicable on Credit Cards & EMI Transactions!,SBICC | SBIEMI,https://www.cleartrip.com/all-offers/sbi-credit-cards-weekly-campaign-2/,Max SBI Credit Card
https://www.cleartrip.com/all-offers/wp-content/uploads/2024/01/SBI-Logo-1.png,Flat 20% off on SBI Cards,Applicable on Credit Cards & EMI Transactions!,SBICC | SBIEMI,https://www.cleartrip.com/all-offers/sbi-credit-cards-weekly-campaign-2/,Tata Star Titanium Card
https://www.cleartrip.com/all-offers/wp-content/uploads/2024/01/SBI-Logo-1.png,Flat 20% off on SBI Cards,Applicable on Credit Cards & EMI Transactions!,SBICC | SBIEMI,https://www.cleartrip.com/all-offers/sbi-credit-cards-weekly-campaign-2/,Miles Elite SBI Card
https://www.cleartrip.com/all-offers/wp-content/uploads/2024/01/SBI-Logo-1.png,Flat 20% off on SBI Cards,Applicable on Credit Cards & EMI Transactions!,SBICC | SBIEMI,https://www.cleartrip.com/all-offers/sbi-credit-cards-weekly-campaign-2/,FabIndia SBI Card
https://www.cleartrip.com/all-offers/wp-content/uploads/2024/01/SBI-Logo-1.png,Flat 20% off on SBI Cards,Applicable on Credit Cards & EMI Transactions!,SBICC | SBIEMI,https://www.cleartrip.com/all-offers/sbi-credit-cards-weekly-campaign-2/,Aditya Birla SBI Card Select
https://www.cleartrip.com/all-offers/wp-content/uploads/2024/01/SBI-Logo-1.png,Flat 20% off on SBI Cards,Applicable on Credit Cards & EMI Transactions!,SBICC | SBIEMI,https://www.cleartrip.com/all-offers/sbi-credit-cards-weekly-campaign-2/,SBI Card Unnati
https://www.cleartrip.com/all-offers/wp-content/uploads/2024/01/Au.jpg,Flat 20% off,Hotels with AU Bank Credit Cards.,AUFEST,https://www.cleartrip.com/all-offers/au-bank-hotels/,AU Altura Credit Card
https://www.cleartrip.com/all-offers/wp-content/uploads/2024/01/Au.jpg,Flat 20% off,Hotels with AU Bank Credit Cards.,AUFEST,https://www.cleartrip.com/all-offers/au-bank-hotels/,AU Bank Zenith+ Credit Card
https://www.cleartrip.com/all-offers/wp-content/uploads/2024/01/Au.jpg,Flat 20% off,Hotels with AU Bank Credit Cards.,AUFEST,https://www.cleartrip.com/all-offers/au-bank-hotels/,AU Vetta Credit Card
https://www.cleartrip.com/all-offers/wp-content/uploads/2024/01/Au.jpg,Flat 20% off,Hotels with AU Bank Credit Cards.,AUFEST,https://www.cleartrip.com/all-offers/au-bank-hotels/,AU Bank InstaPay Credit Card
https://www.cleartrip.com/all-offers/wp-content/uploads/2024/01/Au.jpg,Flat 20% off,Hotels with AU Bank Credit Cards.,AUFEST,https://www.cleartrip.com/all-offers/au-bank-hotels/,AU Bank Altura Plus Credit Card
https://www.cleartrip.com/all-offers/wp-content/uploads/2024/01/Au.jpg,Flat 20% off,Hotels with AU Bank Credit Cards.,AUFEST,https://www.cleartrip.com/all-offers/au-bank-hotels/,AU Zenith Credit Card
https://www.cleartrip.com/all-offers/wp-content/uploads/2024/01/Au.jpg,Flat 20% off,Hotels with AU Bank Credit Cards.,AUFEST,https://www.cleartrip.com/all-offers/au-bank-hotels/,Ixigo AU Travel Credit Card
https://www.cleartrip.com/all-offers/wp-content/uploads/2024/01/Au.jpg,Flat 20% off,Hotels with AU Bank Credit Cards.,AUFEST,https://www.cleartrip.com/all-offers/au-bank-hotels/,AU LIT Credit Card
https://www.cleartrip.com/all-offers/wp-content/uploads/2024/05/american-express.jpg,Get upto 25% off,Hotels with American Express Credit Card with No Cost EMI,AMEXEMI,https://www.cleartrip.com/all-offers/federal-bank-credit-debit-cards-hotels-offer/,Fed Starbiz Rupay Credit Card
https://www.cleartrip.com/all-offers/wp-content/uploads/2024/05/american-express.jpg,Get upto 25% off,Hotels with American Express Credit Card with No Cost EMI,AMEXEMI,https://www.cleartrip.com/all-offers/federal-bank-credit-debit-cards-hotels-offer/,Federal Bank Mastercard Signet
https://www.cleartrip.com/all-offers/wp-content/uploads/2024/05/american-express.jpg,Get upto 25% off,Hotels with American Express Credit Card with No Cost EMI,AMEXEMI,https://www.cleartrip.com/all-offers/federal-bank-credit-debit-cards-hotels-offer/,Federal Bank MagniFi Credit Card
https://www.cleartrip.com/all-offers/wp-content/uploads/2024/05/american-express.jpg,Get upto 25% off,Hotels with American Express Credit Card with No Cost EMI,AMEXEMI,https://www.cleartrip.com/all-offers/federal-bank-credit-debit-cards-hotels-offer/,Federal Bank AmpliFi Credit Card
https://www.cleartrip.com/all-offers/wp-content/uploads/2024/05/american-express.jpg,Get upto 25% off,Hotels with American Express Credit Card with No Cost EMI,AMEXEMI,https://www.cleartrip.com/all-offers/federal-bank-credit-debit-cards-hotels-offer/,Federal Bank Wave Credit Card
https://www.cleartrip.com/all-offers/wp-content/uploads/2024/05/american-express.jpg,Get upto 25% off,Hotels with American Express Credit Card with No Cost EMI,AMEXEMI,https://www.cleartrip.com/all-offers/federal-bank-credit-debit-cards-hotels-offer/,Federal Bank Rupay Signet Credit Card
https://www.cleartrip.com/all-offers/wp-content/uploads/2024/05/american-express.jpg,Get upto 25% off,Hotels with American Express Credit Card with No Cost EMI,AMEXEMI,https://www.cleartrip.com/all-offers/federal-bank-credit-debit-cards-hotels-offer/,Federal Bank Scapia Credit Card
https://www.cleartrip.com/all-offers/wp-content/uploads/2024/05/american-express.jpg,Get upto 25% off,Hotels with American Express Credit Card with No Cost EMI,AMEXEMI,https://www.cleartrip.com/all-offers/federal-bank-credit-debit-cards-hotels-offer/,Federal Bank Visa Celesta
https://www.cleartrip.com/all-offers/wp-content/uploads/2024/05/american-express.jpg,Get upto 25% off,Hotels with American Express Credit Card with No Cost EMI,AMEXEMI,https://www.cleartrip.com/all-offers/federal-bank-credit-debit-cards-hotels-offer/,Federal Bank Visa Imperio
https://www.cleartrip.com/all-offers/wp-content/uploads/2024/01/Fed-Logo.png,Get upto 15% off,Hotels with Fed Bank with NCEMI on Credit Cards,FEDEMI,https://www.cleartrip.com/all-offers/fed-bank-cc-ncemi-hotels-offer/,Fed Starbiz Rupay Credit Card
https://www.cleartrip.com/all-offers/wp-content/uploads/2024/01/Fed-Logo.png,Get upto 15% off,Hotels with Fed Bank with NCEMI on Credit Cards,FEDEMI,https://www.cleartrip.com/all-offers/fed-bank-cc-ncemi-hotels-offer/,Federal Bank Mastercard Signet
https://www.cleartrip.com/all-offers/wp-content/uploads/2024/01/Fed-Logo.png,Get upto 15% off,Hotels with Fed Bank with NCEMI on Credit Cards,FEDEMI,https://www.cleartrip.com/all-offers/fed-bank-cc-ncemi-hotels-offer/,Federal Bank MagniFi Credit Card
https://www.cleartrip.com/all-offers/wp-content/uploads/2024/01/Fed-Logo.png,Get upto 15% off,Hotels with Fed Bank with NCEMI on Credit Cards,FEDEMI,https://www.cleartrip.com/all-offers/fed-bank-cc-ncemi-hotels-offer/,Federal Bank AmpliFi Credit Card
https://www.cleartrip.com/all-offers/wp-content/uploads/2024/01/Fed-Logo.png,Get upto 15% off,Hotels with Fed Bank with NCEMI on Credit Cards,FEDEMI,https://www.cleartrip.com/all-offers/fed-bank-cc-ncemi-hotels-offer/,Federal Bank Wave Credit Card
https://www.cleartrip.com/all-offers/wp-content/uploads/2024/01/Fed-Logo.png,Get upto 15% off,Hotels with Fed Bank with NCEMI on Credit Cards,FEDEMI,https://www.cleartrip.com/all-offers/fed-bank-cc-ncemi-hotels-offer/,Federal Bank Rupay Signet Credit Card
https://www.cleartrip.com/all-offers/wp-content/uploads/2024/01/Fed-Logo.png,Get upto 15% off,Hotels with Fed Bank with NCEMI on Credit Cards,FEDEMI,https://www.cleartrip.com/all-offers/fed-bank-cc-ncemi-hotels-offer/,Federal Bank Scapia Credit Card
https://www.cleartrip.com/all-offers/wp-content/uploads/2024/01/Fed-Logo.png,Get upto 15% off,Hotels with Fed Bank with NCEMI on Credit Cards,FEDEMI,https://www.cleartrip.com/all-offers/fed-bank-cc-ncemi-hotels-offer/,Federal Bank Visa Celesta
https://www.cleartrip.com/all-offers/wp-content/uploads/2024/01/Fed-Logo.png,Get upto 15% off,Hotels with Fed Bank with NCEMI on Credit Cards,FEDEMI,https://www.cleartrip.com/all-offers/fed-bank-cc-ncemi-hotels-offer/,Federal Bank Visa Imperio
