Offer Title,Offer Description,Booking Period,Promo Code,Offer Image,Offer Link,Eligible Credit Cards
ICICI Bank Credit Card EMI,"Enjoy Up to INR 7,500 OFF* on Travel Bookings with ICICI Bank Credit Cards EMI","Valid till :  30th Sep, 2025",ICICIEMI,https://images.emtcontent.com/offer-img/ICICI-emi-Bank-10th-jul-25-sm.webp,https://www.easemytrip.com/offers/icici-bank-credit-card-emi.html,ICICI Bank Rubyx RuPay Credit Card
ICICI Bank Credit Card EMI,"Enjoy Up to INR 7,500 OFF* on Travel Bookings with ICICI Bank Credit Cards EMI","Valid till :  30th Sep, 2025",ICICIEMI,https://images.emtcontent.com/offer-img/ICICI-emi-Bank-10th-jul-25-sm.webp,https://www.easemytrip.com/offers/icici-bank-credit-card-emi.html,ICICI Bank Coral RuPay Credit Card
ICICI Bank Credit Card EMI,"Enjoy Up to INR 7,500 OFF* on Travel Bookings with ICICI Bank Credit Cards EMI","Valid till :  30th Sep, 2025",ICICIEMI,https://images.emtcontent.com/offer-img/ICICI-emi-Bank-10th-jul-25-sm.webp,https://www.easemytrip.com/offers/icici-bank-credit-card-emi.html,ICICI Bank HPCL Super Saver RuPay Credit Card
ICICI Bank Credit Card EMI,"Enjoy Up to INR 7,500 OFF* on Travel Bookings with ICICI Bank Credit Cards EMI","Valid till :  30th Sep, 2025",ICICIEMI,https://images.emtcontent.com/offer-img/ICICI-emi-Bank-10th-jul-25-sm.webp,https://www.easemytrip.com/offers/icici-bank-credit-card-emi.html,ICICI Bank Instant Platinum Credit Card
ICICI Bank Credit Card EMI,"Enjoy Up to INR 7,500 OFF* on Travel Bookings with ICICI Bank Credit Cards EMI","Valid till :  30th Sep, 2025",ICICIEMI,https://images.emtcontent.com/offer-img/ICICI-emi-Bank-10th-jul-25-sm.webp,https://www.easemytrip.com/offers/icici-bank-credit-card-emi.html,ICICI Bank Sapphiro Credit Card
ICICI Bank Credit Card EMI,"Enjoy Up to INR 7,500 OFF* on Travel Bookings with ICICI Bank Credit Cards EMI","Valid till :  30th Sep, 2025",ICICIEMI,https://images.emtcontent.com/offer-img/ICICI-emi-Bank-10th-jul-25-sm.webp,https://www.easemytrip.com/offers/icici-bank-credit-card-emi.html,ICICI Bank HPCL Super Saver Credit Card
ICICI Bank Credit Card EMI,"Enjoy Up to INR 7,500 OFF* on Travel Bookings with ICICI Bank Credit Cards EMI","Valid till :  30th Sep, 2025",ICICIEMI,https://images.emtcontent.com/offer-img/ICICI-emi-Bank-10th-jul-25-sm.webp,https://www.easemytrip.com/offers/icici-bank-credit-card-emi.html,Accelero ICICI Bank Credit Card
ICICI Bank Credit Card EMI,"Enjoy Up to INR 7,500 OFF* on Travel Bookings with ICICI Bank Credit Cards EMI","Valid till :  30th Sep, 2025",ICICIEMI,https://images.emtcontent.com/offer-img/ICICI-emi-Bank-10th-jul-25-sm.webp,https://www.easemytrip.com/offers/icici-bank-credit-card-emi.html,ICICI Bank Manchester United Platinum Credit Card
ICICI Bank Credit Card EMI,"Enjoy Up to INR 7,500 OFF* on Travel Bookings with ICICI Bank Credit Cards EMI","Valid till :  30th Sep, 2025",ICICIEMI,https://images.emtcontent.com/offer-img/ICICI-emi-Bank-10th-jul-25-sm.webp,https://www.easemytrip.com/offers/icici-bank-credit-card-emi.html,ICICI Bank Rubyx Credit Card
ICICI Bank Credit Card EMI,"Enjoy Up to INR 7,500 OFF* on Travel Bookings with ICICI Bank Credit Cards EMI","Valid till :  30th Sep, 2025",ICICIEMI,https://images.emtcontent.com/offer-img/ICICI-emi-Bank-10th-jul-25-sm.webp,https://www.easemytrip.com/offers/icici-bank-credit-card-emi.html,Adani One ICICI Platinum Credit Card
ICICI Bank Credit Card EMI,"Enjoy Up to INR 7,500 OFF* on Travel Bookings with ICICI Bank Credit Cards EMI","Valid till :  30th Sep, 2025",ICICIEMI,https://images.emtcontent.com/offer-img/ICICI-emi-Bank-10th-jul-25-sm.webp,https://www.easemytrip.com/offers/icici-bank-credit-card-emi.html,ICICI Bank Manchester United Signature Credit Card
ICICI Bank Credit Card EMI,"Enjoy Up to INR 7,500 OFF* on Travel Bookings with ICICI Bank Credit Cards EMI","Valid till :  30th Sep, 2025",ICICIEMI,https://images.emtcontent.com/offer-img/ICICI-emi-Bank-10th-jul-25-sm.webp,https://www.easemytrip.com/offers/icici-bank-credit-card-emi.html,ICICI Bank Expressions Credit Card
ICICI Bank Credit Card EMI,"Enjoy Up to INR 7,500 OFF* on Travel Bookings with ICICI Bank Credit Cards EMI","Valid till :  30th Sep, 2025",ICICIEMI,https://images.emtcontent.com/offer-img/ICICI-emi-Bank-10th-jul-25-sm.webp,https://www.easemytrip.com/offers/icici-bank-credit-card-emi.html,ICICI Parakram Credit Card
ICICI Bank Credit Card EMI,"Enjoy Up to INR 7,500 OFF* on Travel Bookings with ICICI Bank Credit Cards EMI","Valid till :  30th Sep, 2025",ICICIEMI,https://images.emtcontent.com/offer-img/ICICI-emi-Bank-10th-jul-25-sm.webp,https://www.easemytrip.com/offers/icici-bank-credit-card-emi.html,ICICI Bank Times Black Credit Card
ICICI Bank Credit Card EMI,"Enjoy Up to INR 7,500 OFF* on Travel Bookings with ICICI Bank Credit Cards EMI","Valid till :  30th Sep, 2025",ICICIEMI,https://images.emtcontent.com/offer-img/ICICI-emi-Bank-10th-jul-25-sm.webp,https://www.easemytrip.com/offers/icici-bank-credit-card-emi.html,Adani One ICICI Signature Credit Card
ICICI Bank Credit Card EMI,"Enjoy Up to INR 7,500 OFF* on Travel Bookings with ICICI Bank Credit Cards EMI","Valid till :  30th Sep, 2025",ICICIEMI,https://images.emtcontent.com/offer-img/ICICI-emi-Bank-10th-jul-25-sm.webp,https://www.easemytrip.com/offers/icici-bank-credit-card-emi.html,Chennai Super Kings ICICI Bank Credit Card.
ICICI Bank Credit Card EMI,"Enjoy Up to INR 7,500 OFF* on Travel Bookings with ICICI Bank Credit Cards EMI","Valid till :  30th Sep, 2025",ICICIEMI,https://images.emtcontent.com/offer-img/ICICI-emi-Bank-10th-jul-25-sm.webp,https://www.easemytrip.com/offers/icici-bank-credit-card-emi.html,ICICI HPCL Coral Credit Card
ICICI Bank Credit Card EMI,"Enjoy Up to INR 7,500 OFF* on Travel Bookings with ICICI Bank Credit Cards EMI","Valid till :  30th Sep, 2025",ICICIEMI,https://images.emtcontent.com/offer-img/ICICI-emi-Bank-10th-jul-25-sm.webp,https://www.easemytrip.com/offers/icici-bank-credit-card-emi.html,ICICI Bank Coral Credit Card
ICICI Bank Credit Card EMI,"Enjoy Up to INR 7,500 OFF* on Travel Bookings with ICICI Bank Credit Cards EMI","Valid till :  30th Sep, 2025",ICICIEMI,https://images.emtcontent.com/offer-img/ICICI-emi-Bank-10th-jul-25-sm.webp,https://www.easemytrip.com/offers/icici-bank-credit-card-emi.html,ICICI Bank Emeralde Credit Card
ICICI Bank Credit Card EMI,"Enjoy Up to INR 7,500 OFF* on Travel Bookings with ICICI Bank Credit Cards EMI","Valid till :  30th Sep, 2025",ICICIEMI,https://images.emtcontent.com/offer-img/ICICI-emi-Bank-10th-jul-25-sm.webp,https://www.easemytrip.com/offers/icici-bank-credit-card-emi.html,ICICI Parakram Select Credit Card
ICICI Bank Credit Card EMI,"Enjoy Up to INR 7,500 OFF* on Travel Bookings with ICICI Bank Credit Cards EMI","Valid till :  30th Sep, 2025",ICICIEMI,https://images.emtcontent.com/offer-img/ICICI-emi-Bank-10th-jul-25-sm.webp,https://www.easemytrip.com/offers/icici-bank-credit-card-emi.html,Emirates Skywards Rubyx Credit Card
ICICI Bank Credit Card EMI,"Enjoy Up to INR 7,500 OFF* on Travel Bookings with ICICI Bank Credit Cards EMI","Valid till :  30th Sep, 2025",ICICIEMI,https://images.emtcontent.com/offer-img/ICICI-emi-Bank-10th-jul-25-sm.webp,https://www.easemytrip.com/offers/icici-bank-credit-card-emi.html,ICICI Bank Sapphiro Credit Card
ICICI Bank Credit Card EMI,"Enjoy Up to INR 7,500 OFF* on Travel Bookings with ICICI Bank Credit Cards EMI","Valid till :  30th Sep, 2025",ICICIEMI,https://images.emtcontent.com/offer-img/ICICI-emi-Bank-10th-jul-25-sm.webp,https://www.easemytrip.com/offers/icici-bank-credit-card-emi.html,IndusInd InterMiles
ICICI Bank Credit Card EMI,"Enjoy Up to INR 7,500 OFF* on Travel Bookings with ICICI Bank Credit Cards EMI","Valid till :  30th Sep, 2025",ICICIEMI,https://images.emtcontent.com/offer-img/ICICI-emi-Bank-10th-jul-25-sm.webp,https://www.easemytrip.com/offers/icici-bank-credit-card-emi.html,MakeMyTrip ICICI Bank Credit Card
ICICI Bank Credit Card EMI,"Enjoy Up to INR 7,500 OFF* on Travel Bookings with ICICI Bank Credit Cards EMI","Valid till :  30th Sep, 2025",ICICIEMI,https://images.emtcontent.com/offer-img/ICICI-emi-Bank-10th-jul-25-sm.webp,https://www.easemytrip.com/offers/icici-bank-credit-card-emi.html,ICICI Bank Platinum Chip Credit Card
ICICI Bank Credit Card EMI,"Enjoy Up to INR 7,500 OFF* on Travel Bookings with ICICI Bank Credit Cards EMI","Valid till :  30th Sep, 2025",ICICIEMI,https://images.emtcontent.com/offer-img/ICICI-emi-Bank-10th-jul-25-sm.webp,https://www.easemytrip.com/offers/icici-bank-credit-card-emi.html,Makemytrip ICICI Bank Signature Credit Card
ICICI Bank Credit Card EMI,"Enjoy Up to INR 7,500 OFF* on Travel Bookings with ICICI Bank Credit Cards EMI","Valid till :  30th Sep, 2025",ICICIEMI,https://images.emtcontent.com/offer-img/ICICI-emi-Bank-10th-jul-25-sm.webp,https://www.easemytrip.com/offers/icici-bank-credit-card-emi.html,Emirates Skywards ICICI Bank Emerald Credit Card
HDFC EasyEMI,Enjoy Massive Discounts on Flight Bookings with HDFC Bank EasyEMI & No Cost EMI,"Valid till : 31st Jul, 2025",HDFCEMI,https://images.emtcontent.com/offer-img/HDFCEMI-10th-jul-25-sm.webp,https://www.easemytrip.com/offers/hdfc-bank-easy-emi.html,HDFC Bank MoneyBack Plus RuPay Credit Card
HDFC EasyEMI,Enjoy Massive Discounts on Flight Bookings with HDFC Bank EasyEMI & No Cost EMI,"Valid till : 31st Jul, 2025",HDFCEMI,https://images.emtcontent.com/offer-img/HDFCEMI-10th-jul-25-sm.webp,https://www.easemytrip.com/offers/hdfc-bank-easy-emi.html,HDFC Bank Biz Power Visa Credit Card
HDFC EasyEMI,Enjoy Massive Discounts on Flight Bookings with HDFC Bank EasyEMI & No Cost EMI,"Valid till : 31st Jul, 2025",HDFCEMI,https://images.emtcontent.com/offer-img/HDFCEMI-10th-jul-25-sm.webp,https://www.easemytrip.com/offers/hdfc-bank-easy-emi.html,HDFC Bank Biz Power Credit Card
HDFC EasyEMI,Enjoy Massive Discounts on Flight Bookings with HDFC Bank EasyEMI & No Cost EMI,"Valid till : 31st Jul, 2025",HDFCEMI,https://images.emtcontent.com/offer-img/HDFCEMI-10th-jul-25-sm.webp,https://www.easemytrip.com/offers/hdfc-bank-easy-emi.html,HDFC Bank Biz Grow Credit Card
HDFC EasyEMI,Enjoy Massive Discounts on Flight Bookings with HDFC Bank EasyEMI & No Cost EMI,"Valid till : 31st Jul, 2025",HDFCEMI,https://images.emtcontent.com/offer-img/HDFCEMI-10th-jul-25-sm.webp,https://www.easemytrip.com/offers/hdfc-bank-easy-emi.html,HDFC Pixel Go Rupay Credit Card
HDFC EasyEMI,Enjoy Massive Discounts on Flight Bookings with HDFC Bank EasyEMI & No Cost EMI,"Valid till : 31st Jul, 2025",HDFCEMI,https://images.emtcontent.com/offer-img/HDFCEMI-10th-jul-25-sm.webp,https://www.easemytrip.com/offers/hdfc-bank-easy-emi.html,Tata Neu Plus HDFC Bank Credit Card
HDFC EasyEMI,Enjoy Massive Discounts on Flight Bookings with HDFC Bank EasyEMI & No Cost EMI,"Valid till : 31st Jul, 2025",HDFCEMI,https://images.emtcontent.com/offer-img/HDFCEMI-10th-jul-25-sm.webp,https://www.easemytrip.com/offers/hdfc-bank-easy-emi.html,Tata Neu Infinity HDFC Bank RuPay Credit Card
HDFC EasyEMI,Enjoy Massive Discounts on Flight Bookings with HDFC Bank EasyEMI & No Cost EMI,"Valid till : 31st Jul, 2025",HDFCEMI,https://images.emtcontent.com/offer-img/HDFCEMI-10th-jul-25-sm.webp,https://www.easemytrip.com/offers/hdfc-bank-easy-emi.html,IndianOil HDFC Bank RuPay Credit Card
HDFC EasyEMI,Enjoy Massive Discounts on Flight Bookings with HDFC Bank EasyEMI & No Cost EMI,"Valid till : 31st Jul, 2025",HDFCEMI,https://images.emtcontent.com/offer-img/HDFCEMI-10th-jul-25-sm.webp,https://www.easemytrip.com/offers/hdfc-bank-easy-emi.html,HDFC Regalia Gold Credit Card
HDFC EasyEMI,Enjoy Massive Discounts on Flight Bookings with HDFC Bank EasyEMI & No Cost EMI,"Valid till : 31st Jul, 2025",HDFCEMI,https://images.emtcontent.com/offer-img/HDFCEMI-10th-jul-25-sm.webp,https://www.easemytrip.com/offers/hdfc-bank-easy-emi.html,HDFC Swiggy Credit Card
HDFC EasyEMI,Enjoy Massive Discounts on Flight Bookings with HDFC Bank EasyEMI & No Cost EMI,"Valid till : 31st Jul, 2025",HDFCEMI,https://images.emtcontent.com/offer-img/HDFCEMI-10th-jul-25-sm.webp,https://www.easemytrip.com/offers/hdfc-bank-easy-emi.html,HDFC Bank Harley-Davidson Diners Club Credit Card
HDFC EasyEMI,Enjoy Massive Discounts on Flight Bookings with HDFC Bank EasyEMI & No Cost EMI,"Valid till : 31st Jul, 2025",HDFCEMI,https://images.emtcontent.com/offer-img/HDFCEMI-10th-jul-25-sm.webp,https://www.easemytrip.com/offers/hdfc-bank-easy-emi.html,Tata Neu Infinity HDFC Bank Credit Card
HDFC EasyEMI,Enjoy Massive Discounts on Flight Bookings with HDFC Bank EasyEMI & No Cost EMI,"Valid till : 31st Jul, 2025",HDFCEMI,https://images.emtcontent.com/offer-img/HDFCEMI-10th-jul-25-sm.webp,https://www.easemytrip.com/offers/hdfc-bank-easy-emi.html,HDFC H.O.G. Diners Club Credit Card
HDFC EasyEMI,Enjoy Massive Discounts on Flight Bookings with HDFC Bank EasyEMI & No Cost EMI,"Valid till : 31st Jul, 2025",HDFCEMI,https://images.emtcontent.com/offer-img/HDFCEMI-10th-jul-25-sm.webp,https://www.easemytrip.com/offers/hdfc-bank-easy-emi.html,Intermiles HDFC Bank Platinum Credit Card
HDFC EasyEMI,Enjoy Massive Discounts on Flight Bookings with HDFC Bank EasyEMI & No Cost EMI,"Valid till : 31st Jul, 2025",HDFCEMI,https://images.emtcontent.com/offer-img/HDFCEMI-10th-jul-25-sm.webp,https://www.easemytrip.com/offers/hdfc-bank-easy-emi.html,HDFC Bank Business Regalia First Credit Card
HDFC EasyEMI,Enjoy Massive Discounts on Flight Bookings with HDFC Bank EasyEMI & No Cost EMI,"Valid till : 31st Jul, 2025",HDFCEMI,https://images.emtcontent.com/offer-img/HDFCEMI-10th-jul-25-sm.webp,https://www.easemytrip.com/offers/hdfc-bank-easy-emi.html,Flipkart Wholesale HDFC Bank Credit Card
HDFC EasyEMI,Enjoy Massive Discounts on Flight Bookings with HDFC Bank EasyEMI & No Cost EMI,"Valid till : 31st Jul, 2025",HDFCEMI,https://images.emtcontent.com/offer-img/HDFCEMI-10th-jul-25-sm.webp,https://www.easemytrip.com/offers/hdfc-bank-easy-emi.html,Paytm HDFC Bank Business Credit Card
HDFC EasyEMI,Enjoy Massive Discounts on Flight Bookings with HDFC Bank EasyEMI & No Cost EMI,"Valid till : 31st Jul, 2025",HDFCEMI,https://images.emtcontent.com/offer-img/HDFCEMI-10th-jul-25-sm.webp,https://www.easemytrip.com/offers/hdfc-bank-easy-emi.html,CSC Small Business MoneyBack Credit Card
HDFC EasyEMI,Enjoy Massive Discounts on Flight Bookings with HDFC Bank EasyEMI & No Cost EMI,"Valid till : 31st Jul, 2025",HDFCEMI,https://images.emtcontent.com/offer-img/HDFCEMI-10th-jul-25-sm.webp,https://www.easemytrip.com/offers/hdfc-bank-easy-emi.html,HDFC Millennia Credit Card
HDFC EasyEMI,Enjoy Massive Discounts on Flight Bookings with HDFC Bank EasyEMI & No Cost EMI,"Valid till : 31st Jul, 2025",HDFCEMI,https://images.emtcontent.com/offer-img/HDFCEMI-10th-jul-25-sm.webp,https://www.easemytrip.com/offers/hdfc-bank-easy-emi.html,HDFC Moneyback Credit Card
HDFC EasyEMI,Enjoy Massive Discounts on Flight Bookings with HDFC Bank EasyEMI & No Cost EMI,"Valid till : 31st Jul, 2025",HDFCEMI,https://images.emtcontent.com/offer-img/HDFCEMI-10th-jul-25-sm.webp,https://www.easemytrip.com/offers/hdfc-bank-easy-emi.html,HDFC All Miles Credit Card
HDFC EasyEMI,Enjoy Massive Discounts on Flight Bookings with HDFC Bank EasyEMI & No Cost EMI,"Valid till : 31st Jul, 2025",HDFCEMI,https://images.emtcontent.com/offer-img/HDFCEMI-10th-jul-25-sm.webp,https://www.easemytrip.com/offers/hdfc-bank-easy-emi.html,HDFC Bank World Mastercard Credit Card
HDFC EasyEMI,Enjoy Massive Discounts on Flight Bookings with HDFC Bank EasyEMI & No Cost EMI,"Valid till : 31st Jul, 2025",HDFCEMI,https://images.emtcontent.com/offer-img/HDFCEMI-10th-jul-25-sm.webp,https://www.easemytrip.com/offers/hdfc-bank-easy-emi.html,HDFC Diners Club Black Credit Card
HDFC EasyEMI,Enjoy Massive Discounts on Flight Bookings with HDFC Bank EasyEMI & No Cost EMI,"Valid till : 31st Jul, 2025",HDFCEMI,https://images.emtcontent.com/offer-img/HDFCEMI-10th-jul-25-sm.webp,https://www.easemytrip.com/offers/hdfc-bank-easy-emi.html,Marriott Bonvoy HDFC Bank Credit Card
HDFC EasyEMI,Enjoy Massive Discounts on Flight Bookings with HDFC Bank EasyEMI & No Cost EMI,"Valid till : 31st Jul, 2025",HDFCEMI,https://images.emtcontent.com/offer-img/HDFCEMI-10th-jul-25-sm.webp,https://www.easemytrip.com/offers/hdfc-bank-easy-emi.html,HDFC Bank Biz Grow Credit Card
HDFC EasyEMI,Enjoy Massive Discounts on Flight Bookings with HDFC Bank EasyEMI & No Cost EMI,"Valid till : 31st Jul, 2025",HDFCEMI,https://images.emtcontent.com/offer-img/HDFCEMI-10th-jul-25-sm.webp,https://www.easemytrip.com/offers/hdfc-bank-easy-emi.html,HDFC Biz Black Metal Edition Credit Card
HDFC EasyEMI,Enjoy Massive Discounts on Flight Bookings with HDFC Bank EasyEMI & No Cost EMI,"Valid till : 31st Jul, 2025",HDFCEMI,https://images.emtcontent.com/offer-img/HDFCEMI-10th-jul-25-sm.webp,https://www.easemytrip.com/offers/hdfc-bank-easy-emi.html,HDFC Bank Freedom Credit Card
HDFC EasyEMI,Enjoy Massive Discounts on Flight Bookings with HDFC Bank EasyEMI & No Cost EMI,"Valid till : 31st Jul, 2025",HDFCEMI,https://images.emtcontent.com/offer-img/HDFCEMI-10th-jul-25-sm.webp,https://www.easemytrip.com/offers/hdfc-bank-easy-emi.html,Intermiles HDFC Bank Diners Club Credit Card
HDFC EasyEMI,Enjoy Massive Discounts on Flight Bookings with HDFC Bank EasyEMI & No Cost EMI,"Valid till : 31st Jul, 2025",HDFCEMI,https://images.emtcontent.com/offer-img/HDFCEMI-10th-jul-25-sm.webp,https://www.easemytrip.com/offers/hdfc-bank-easy-emi.html,HDFC Pixel Go Credit Card
HDFC EasyEMI,Enjoy Massive Discounts on Flight Bookings with HDFC Bank EasyEMI & No Cost EMI,"Valid till : 31st Jul, 2025",HDFCEMI,https://images.emtcontent.com/offer-img/HDFCEMI-10th-jul-25-sm.webp,https://www.easemytrip.com/offers/hdfc-bank-easy-emi.html,6E Rewards Indigo HDFC Bank Credit Card
HDFC EasyEMI,Enjoy Massive Discounts on Flight Bookings with HDFC Bank EasyEMI & No Cost EMI,"Valid till : 31st Jul, 2025",HDFCEMI,https://images.emtcontent.com/offer-img/HDFCEMI-10th-jul-25-sm.webp,https://www.easemytrip.com/offers/hdfc-bank-easy-emi.html,HDFC Bank Moneyback Plus Credit Card
HDFC EasyEMI,Enjoy Massive Discounts on Flight Bookings with HDFC Bank EasyEMI & No Cost EMI,"Valid till : 31st Jul, 2025",HDFCEMI,https://images.emtcontent.com/offer-img/HDFCEMI-10th-jul-25-sm.webp,https://www.easemytrip.com/offers/hdfc-bank-easy-emi.html,Shoppers Stop BLACK HDFC Bank Credit Card
HDFC EasyEMI,Enjoy Massive Discounts on Flight Bookings with HDFC Bank EasyEMI & No Cost EMI,"Valid till : 31st Jul, 2025",HDFCEMI,https://images.emtcontent.com/offer-img/HDFCEMI-10th-jul-25-sm.webp,https://www.easemytrip.com/offers/hdfc-bank-easy-emi.html,6E Rewards XL IndiGo HDFC Bank Credit Card
HDFC EasyEMI,Enjoy Massive Discounts on Flight Bookings with HDFC Bank EasyEMI & No Cost EMI,"Valid till : 31st Jul, 2025",HDFCEMI,https://images.emtcontent.com/offer-img/HDFCEMI-10th-jul-25-sm.webp,https://www.easemytrip.com/offers/hdfc-bank-easy-emi.html,HDFC Bank UPI RuPay Biz Credit Card
HDFC EasyEMI,Enjoy Massive Discounts on Flight Bookings with HDFC Bank EasyEMI & No Cost EMI,"Valid till : 31st Jul, 2025",HDFCEMI,https://images.emtcontent.com/offer-img/HDFCEMI-10th-jul-25-sm.webp,https://www.easemytrip.com/offers/hdfc-bank-easy-emi.html,InterMiles HDFC Bank Signature Credit Card
HDFC EasyEMI,Enjoy Massive Discounts on Flight Bookings with HDFC Bank EasyEMI & No Cost EMI,"Valid till : 31st Jul, 2025",HDFCEMI,https://images.emtcontent.com/offer-img/HDFCEMI-10th-jul-25-sm.webp,https://www.easemytrip.com/offers/hdfc-bank-easy-emi.html,HDFC Diners Club Privilege Credit Card
HDFC EasyEMI,Enjoy Massive Discounts on Flight Bookings with HDFC Bank EasyEMI & No Cost EMI,"Valid till : 31st Jul, 2025",HDFCEMI,https://images.emtcontent.com/offer-img/HDFCEMI-10th-jul-25-sm.webp,https://www.easemytrip.com/offers/hdfc-bank-easy-emi.html,HDFC Bank Biz First Credit Card
HDFC EasyEMI,Enjoy Massive Discounts on Flight Bookings with HDFC Bank EasyEMI & No Cost EMI,"Valid till : 31st Jul, 2025",HDFCEMI,https://images.emtcontent.com/offer-img/HDFCEMI-10th-jul-25-sm.webp,https://www.easemytrip.com/offers/hdfc-bank-easy-emi.html,HDFC Bank Platinum Times Credit Card
HDFC EasyEMI,Enjoy Massive Discounts on Flight Bookings with HDFC Bank EasyEMI & No Cost EMI,"Valid till : 31st Jul, 2025",HDFCEMI,https://images.emtcontent.com/offer-img/HDFCEMI-10th-jul-25-sm.webp,https://www.easemytrip.com/offers/hdfc-bank-easy-emi.html,Indianoil HDFC Bank Visa Credit Card
HDFC EasyEMI,Enjoy Massive Discounts on Flight Bookings with HDFC Bank EasyEMI & No Cost EMI,"Valid till : 31st Jul, 2025",HDFCEMI,https://images.emtcontent.com/offer-img/HDFCEMI-10th-jul-25-sm.webp,https://www.easemytrip.com/offers/hdfc-bank-easy-emi.html,IRCTC HDFC Bank Credit Card
HDFC EasyEMI,Enjoy Massive Discounts on Flight Bookings with HDFC Bank EasyEMI & No Cost EMI,"Valid till : 31st Jul, 2025",HDFCEMI,https://images.emtcontent.com/offer-img/HDFCEMI-10th-jul-25-sm.webp,https://www.easemytrip.com/offers/hdfc-bank-easy-emi.html,HDFC Bank Business Gold Credit Card
HDFC EasyEMI,Enjoy Massive Discounts on Flight Bookings with HDFC Bank EasyEMI & No Cost EMI,"Valid till : 31st Jul, 2025",HDFCEMI,https://images.emtcontent.com/offer-img/HDFCEMI-10th-jul-25-sm.webp,https://www.easemytrip.com/offers/hdfc-bank-easy-emi.html,HDFC Bank Titanium Times Card
HDFC EasyEMI,Enjoy Massive Discounts on Flight Bookings with HDFC Bank EasyEMI & No Cost EMI,"Valid till : 31st Jul, 2025",HDFCEMI,https://images.emtcontent.com/offer-img/HDFCEMI-10th-jul-25-sm.webp,https://www.easemytrip.com/offers/hdfc-bank-easy-emi.html,Shoppers Stop HDFC Bank Credit Card
HDFC EasyEMI,Enjoy Massive Discounts on Flight Bookings with HDFC Bank EasyEMI & No Cost EMI,"Valid till : 31st Jul, 2025",HDFCEMI,https://images.emtcontent.com/offer-img/HDFCEMI-10th-jul-25-sm.webp,https://www.easemytrip.com/offers/hdfc-bank-easy-emi.html,Tata Neu Plus HDFC Bank RuPay Credit Card
HDFC EasyEMI,Enjoy Massive Discounts on Flight Bookings with HDFC Bank EasyEMI & No Cost EMI,"Valid till : 31st Jul, 2025",HDFCEMI,https://images.emtcontent.com/offer-img/HDFCEMI-10th-jul-25-sm.webp,https://www.easemytrip.com/offers/hdfc-bank-easy-emi.html,HDFC Bank Infinia Credit Card Metal Edition
HDFC EasyEMI,Enjoy Massive Discounts on Flight Bookings with HDFC Bank EasyEMI & No Cost EMI,"Valid till : 31st Jul, 2025",HDFCEMI,https://images.emtcontent.com/offer-img/HDFCEMI-10th-jul-25-sm.webp,https://www.easemytrip.com/offers/hdfc-bank-easy-emi.html,HDFC Bharat Credit Card
HDFC EasyEMI,Enjoy Massive Discounts on Flight Bookings with HDFC Bank EasyEMI & No Cost EMI,"Valid till : 31st Jul, 2025",HDFCEMI,https://images.emtcontent.com/offer-img/HDFCEMI-10th-jul-25-sm.webp,https://www.easemytrip.com/offers/hdfc-bank-easy-emi.html,Easy EMI Card
HDFC EasyEMI,Enjoy Massive Discounts on Flight Bookings with HDFC Bank EasyEMI & No Cost EMI,"Valid till : 31st Jul, 2025",HDFCEMI,https://images.emtcontent.com/offer-img/HDFCEMI-10th-jul-25-sm.webp,https://www.easemytrip.com/offers/hdfc-bank-easy-emi.html,HDFC Bank UPI RuPay Credit Card
HDFC EasyEMI,Enjoy Massive Discounts on Flight Bookings with HDFC Bank EasyEMI & No Cost EMI,"Valid till : 31st Jul, 2025",HDFCEMI,https://images.emtcontent.com/offer-img/HDFCEMI-10th-jul-25-sm.webp,https://www.easemytrip.com/offers/hdfc-bank-easy-emi.html,HDFC Pixel Play Credit Card
HDFC EasyEMI,Enjoy Massive Discounts on Flight Bookings with HDFC Bank EasyEMI & No Cost EMI,"Valid till : 31st Jul, 2025",HDFCEMI,https://images.emtcontent.com/offer-img/HDFCEMI-10th-jul-25-sm.webp,https://www.easemytrip.com/offers/hdfc-bank-easy-emi.html,Paytm HDFC Bank Select Business Credit Card
IDBI Bank Credit Cards,Unlock Unbeatable Discounts on Travel Bookings with IDBI Bank Credit Cards,"Valid till :  30th Sep, 2025",IDBIEMT,https://images.emtcontent.com/offer-img/IDBI-18jun-25-sm.webp,https://www.easemytrip.com/offers/idbi-bank.html,IDBI Royale Signature Credit Card
IDBI Bank Credit Cards,Unlock Unbeatable Discounts on Travel Bookings with IDBI Bank Credit Cards,"Valid till :  30th Sep, 2025",IDBIEMT,https://images.emtcontent.com/offer-img/IDBI-18jun-25-sm.webp,https://www.easemytrip.com/offers/idbi-bank.html,IDBI Aspire Platinum
IDBI Bank Credit Cards,Unlock Unbeatable Discounts on Travel Bookings with IDBI Bank Credit Cards,"Valid till :  30th Sep, 2025",IDBIEMT,https://images.emtcontent.com/offer-img/IDBI-18jun-25-sm.webp,https://www.easemytrip.com/offers/idbi-bank.html,IDBI Euphoria World Credit Card
IDBI Bank Credit Cards,Unlock Unbeatable Discounts on Travel Bookings with IDBI Bank Credit Cards,"Valid till :  30th Sep, 2025",IDBIEMT,https://images.emtcontent.com/offer-img/IDBI-18jun-25-sm.webp,https://www.easemytrip.com/offers/idbi-bank.html,IDBI Imperium Platinum
Yes Bank Credit Cards EMI,Unlock Monsoon Special Discounts on Bookings with Yes Bank Credit Cards EMI,"Valid till : 31st Jul, 2025",YESEMI,https://images.emtcontent.com/offer-img/yesbank-1st-jul-25-sm.webp,https://www.easemytrip.com/offers/yes-bank-credit-card-emi.html,Yes ELITE + Credit Card
Yes Bank Credit Cards EMI,Unlock Monsoon Special Discounts on Bookings with Yes Bank Credit Cards EMI,"Valid till : 31st Jul, 2025",YESEMI,https://images.emtcontent.com/offer-img/yesbank-1st-jul-25-sm.webp,https://www.easemytrip.com/offers/yes-bank-credit-card-emi.html,Yes Prosperity Reward Plus Credit Card
Yes Bank Credit Cards EMI,Unlock Monsoon Special Discounts on Bookings with Yes Bank Credit Cards EMI,"Valid till : 31st Jul, 2025",YESEMI,https://images.emtcontent.com/offer-img/yesbank-1st-jul-25-sm.webp,https://www.easemytrip.com/offers/yes-bank-credit-card-emi.html,Yes Bank Card Anq Phi Credit  Card
Yes Bank Credit Cards EMI,Unlock Monsoon Special Discounts on Bookings with Yes Bank Credit Cards EMI,"Valid till : 31st Jul, 2025",YESEMI,https://images.emtcontent.com/offer-img/yesbank-1st-jul-25-sm.webp,https://www.easemytrip.com/offers/yes-bank-credit-card-emi.html,YES Bank Paisabazaar Paisasave Credit Card
Yes Bank Credit Cards EMI,Unlock Monsoon Special Discounts on Bookings with Yes Bank Credit Cards EMI,"Valid till : 31st Jul, 2025",YESEMI,https://images.emtcontent.com/offer-img/yesbank-1st-jul-25-sm.webp,https://www.easemytrip.com/offers/yes-bank-credit-card-emi.html,YES Bank Marquee Credit Card
Yes Bank Credit Cards EMI,Unlock Monsoon Special Discounts on Bookings with Yes Bank Credit Cards EMI,"Valid till : 31st Jul, 2025",YESEMI,https://images.emtcontent.com/offer-img/yesbank-1st-jul-25-sm.webp,https://www.easemytrip.com/offers/yes-bank-credit-card-emi.html,Yes Prosperity Cashback Plus Credit Card
Yes Bank Credit Cards EMI,Unlock Monsoon Special Discounts on Bookings with Yes Bank Credit Cards EMI,"Valid till : 31st Jul, 2025",YESEMI,https://images.emtcontent.com/offer-img/yesbank-1st-jul-25-sm.webp,https://www.easemytrip.com/offers/yes-bank-credit-card-emi.html,Yes EMI Credit Card
Yes Bank Credit Cards EMI,Unlock Monsoon Special Discounts on Bookings with Yes Bank Credit Cards EMI,"Valid till : 31st Jul, 2025",YESEMI,https://images.emtcontent.com/offer-img/yesbank-1st-jul-25-sm.webp,https://www.easemytrip.com/offers/yes-bank-credit-card-emi.html,Yes Reserv Credit Card
Yes Bank Credit Cards EMI,Unlock Monsoon Special Discounts on Bookings with Yes Bank Credit Cards EMI,"Valid till : 31st Jul, 2025",YESEMI,https://images.emtcontent.com/offer-img/yesbank-1st-jul-25-sm.webp,https://www.easemytrip.com/offers/yes-bank-credit-card-emi.html,Yes Prosperity Cashback Credit Card
Yes Bank Credit Cards EMI,Unlock Monsoon Special Discounts on Bookings with Yes Bank Credit Cards EMI,"Valid till : 31st Jul, 2025",YESEMI,https://images.emtcontent.com/offer-img/yesbank-1st-jul-25-sm.webp,https://www.easemytrip.com/offers/yes-bank-credit-card-emi.html,Yes Bank BYOC Credit Card
Yes Bank Credit Cards EMI,Unlock Monsoon Special Discounts on Bookings with Yes Bank Credit Cards EMI,"Valid till : 31st Jul, 2025",YESEMI,https://images.emtcontent.com/offer-img/yesbank-1st-jul-25-sm.webp,https://www.easemytrip.com/offers/yes-bank-credit-card-emi.html,Yes Bank Finbooster Credit Card
Yes Bank Credit Cards EMI,Unlock Monsoon Special Discounts on Bookings with Yes Bank Credit Cards EMI,"Valid till : 31st Jul, 2025",YESEMI,https://images.emtcontent.com/offer-img/yesbank-1st-jul-25-sm.webp,https://www.easemytrip.com/offers/yes-bank-credit-card-emi.html,Yes Bank Wellness Credit Card
Yes Bank Credit Cards EMI,Unlock Monsoon Special Discounts on Bookings with Yes Bank Credit Cards EMI,"Valid till : 31st Jul, 2025",YESEMI,https://images.emtcontent.com/offer-img/yesbank-1st-jul-25-sm.webp,https://www.easemytrip.com/offers/yes-bank-credit-card-emi.html,Yes Private Prime Credit Card
Yes Bank Credit Cards EMI,Unlock Monsoon Special Discounts on Bookings with Yes Bank Credit Cards EMI,"Valid till : 31st Jul, 2025",YESEMI,https://images.emtcontent.com/offer-img/yesbank-1st-jul-25-sm.webp,https://www.easemytrip.com/offers/yes-bank-credit-card-emi.html,Yes Bank Wellness Plus Credit Card
Yes Bank Credit Cards EMI,Unlock Monsoon Special Discounts on Bookings with Yes Bank Credit Cards EMI,"Valid till : 31st Jul, 2025",YESEMI,https://images.emtcontent.com/offer-img/yesbank-1st-jul-25-sm.webp,https://www.easemytrip.com/offers/yes-bank-credit-card-emi.html,Yes Prosperity Reward Credit Card
Yes Bank Credit Cards EMI,Unlock Monsoon Special Discounts on Bookings with Yes Bank Credit Cards EMI,"Valid till : 31st Jul, 2025",YESEMI,https://images.emtcontent.com/offer-img/yesbank-1st-jul-25-sm.webp,https://www.easemytrip.com/offers/yes-bank-credit-card-emi.html,Yes Bank Anq Pi Credit Card
Yes Bank Credit Cards EMI,Unlock Monsoon Special Discounts on Bookings with Yes Bank Credit Cards EMI,"Valid till : 31st Jul, 2025",YESEMI,https://images.emtcontent.com/offer-img/yesbank-1st-jul-25-sm.webp,https://www.easemytrip.com/offers/yes-bank-credit-card-emi.html,YES Bank Rio RuPay Credit Card
Yes Bank Credit Cards EMI,Unlock Monsoon Special Discounts on Bookings with Yes Bank Credit Cards EMI,"Valid till : 31st Jul, 2025",YESEMI,https://images.emtcontent.com/offer-img/yesbank-1st-jul-25-sm.webp,https://www.easemytrip.com/offers/yes-bank-credit-card-emi.html,Yes Prosperity Edge Credit Card
Amazon Pay ICICI Bank Credit Card,Enjoy Exclusive Travel Discounts with Amazon Pay ICICI Bank Credit Card,"Valid till :  30th Sep, 2025",ICICIAMZ,https://images.emtcontent.com/offer-img/ICICIAMZ-09-may-25-sm.webp,https://www.easemytrip.com/offers/icici-bank.html,Amazon Pay ICICI Bank Credit Card
IDFC FIRST Bank EMI,Enjoy Monsoon Special Discounts on Bookings with IDFC FIRST Bank Credit Cards,"Valid till : 31st Jul, 2025","IDFC3EMI, IDFC6EMI",https://images.emtcontent.com/offer-img/IDFC-01-jul-25-sm.webp,https://www.easemytrip.com/offers/idfc-bank-emi.html,IDFC Bank First Millennia Credit Card
IDFC FIRST Bank EMI,Enjoy Monsoon Special Discounts on Bookings with IDFC FIRST Bank Credit Cards,"Valid till : 31st Jul, 2025","IDFC3EMI, IDFC6EMI",https://images.emtcontent.com/offer-img/IDFC-01-jul-25-sm.webp,https://www.easemytrip.com/offers/idfc-bank-emi.html,IDFC First Power RuPay Credit Card
IDFC FIRST Bank EMI,Enjoy Monsoon Special Discounts on Bookings with IDFC FIRST Bank Credit Cards,"Valid till : 31st Jul, 2025","IDFC3EMI, IDFC6EMI",https://images.emtcontent.com/offer-img/IDFC-01-jul-25-sm.webp,https://www.easemytrip.com/offers/idfc-bank-emi.html,IDFC First Select Credit Card
IDFC FIRST Bank EMI,Enjoy Monsoon Special Discounts on Bookings with IDFC FIRST Bank Credit Cards,"Valid till : 31st Jul, 2025","IDFC3EMI, IDFC6EMI",https://images.emtcontent.com/offer-img/IDFC-01-jul-25-sm.webp,https://www.easemytrip.com/offers/idfc-bank-emi.html,IDFC First Classic Credit Card
IDFC FIRST Bank EMI,Enjoy Monsoon Special Discounts on Bookings with IDFC FIRST Bank Credit Cards,"Valid till : 31st Jul, 2025","IDFC3EMI, IDFC6EMI",https://images.emtcontent.com/offer-img/IDFC-01-jul-25-sm.webp,https://www.easemytrip.com/offers/idfc-bank-emi.html,IDFC First Earn RuPay Credit Card
IDFC FIRST Bank EMI,Enjoy Monsoon Special Discounts on Bookings with IDFC FIRST Bank Credit Cards,"Valid till : 31st Jul, 2025","IDFC3EMI, IDFC6EMI",https://images.emtcontent.com/offer-img/IDFC-01-jul-25-sm.webp,https://www.easemytrip.com/offers/idfc-bank-emi.html,IDFC First Power+ RuPay Credit Card
IDFC FIRST Bank EMI,Enjoy Monsoon Special Discounts on Bookings with IDFC FIRST Bank Credit Cards,"Valid till : 31st Jul, 2025","IDFC3EMI, IDFC6EMI",https://images.emtcontent.com/offer-img/IDFC-01-jul-25-sm.webp,https://www.easemytrip.com/offers/idfc-bank-emi.html,IDFC First SWYP Credit Card
IDFC FIRST Bank EMI,Enjoy Monsoon Special Discounts on Bookings with IDFC FIRST Bank Credit Cards,"Valid till : 31st Jul, 2025","IDFC3EMI, IDFC6EMI",https://images.emtcontent.com/offer-img/IDFC-01-jul-25-sm.webp,https://www.easemytrip.com/offers/idfc-bank-emi.html,IDFC First Wealth Credit Card
IDFC FIRST Bank EMI,Enjoy Monsoon Special Discounts on Bookings with IDFC FIRST Bank Credit Cards,"Valid till : 31st Jul, 2025","IDFC3EMI, IDFC6EMI",https://images.emtcontent.com/offer-img/IDFC-01-jul-25-sm.webp,https://www.easemytrip.com/offers/idfc-bank-emi.html,IDFC Mayura Credit Card
IDFC FIRST Bank EMI,Enjoy Monsoon Special Discounts on Bookings with IDFC FIRST Bank Credit Cards,"Valid till : 31st Jul, 2025","IDFC3EMI, IDFC6EMI",https://images.emtcontent.com/offer-img/IDFC-01-jul-25-sm.webp,https://www.easemytrip.com/offers/idfc-bank-emi.html,IDFC First Private Credit Card
IDFC FIRST Bank EMI,Enjoy Monsoon Special Discounts on Bookings with IDFC FIRST Bank Credit Cards,"Valid till : 31st Jul, 2025","IDFC3EMI, IDFC6EMI",https://images.emtcontent.com/offer-img/IDFC-01-jul-25-sm.webp,https://www.easemytrip.com/offers/idfc-bank-emi.html,IDFC First Ashva Credit Card
IDFC FIRST Bank EMI,Enjoy Monsoon Special Discounts on Bookings with IDFC FIRST Bank Credit Cards,"Valid till : 31st Jul, 2025","IDFC3EMI, IDFC6EMI",https://images.emtcontent.com/offer-img/IDFC-01-jul-25-sm.webp,https://www.easemytrip.com/offers/idfc-bank-emi.html,IDFC First Wow Credit Card
RBL Credit Cards EMI,Enjoy Monsoon Special Discounts on Bookings with RBL Bank Credit Cards,"Valid till :  30th Sep, 2025",RBLEMI,https://images.emtcontent.com/offer-img/RBLEMI-Monsoon-01-june-sm1.webp,https://www.easemytrip.com/offers/rbl-bank-card.html,RBL Bank Platinum Choice Credit Card
RBL Credit Cards EMI,Enjoy Monsoon Special Discounts on Bookings with RBL Bank Credit Cards,"Valid till :  30th Sep, 2025",RBLEMI,https://images.emtcontent.com/offer-img/RBLEMI-Monsoon-01-june-sm1.webp,https://www.easemytrip.com/offers/rbl-bank-card.html,RBL Bank Platinum Choice Visa Credit Card
RBL Credit Cards EMI,Enjoy Monsoon Special Discounts on Bookings with RBL Bank Credit Cards,"Valid till :  30th Sep, 2025",RBLEMI,https://images.emtcontent.com/offer-img/RBLEMI-Monsoon-01-june-sm1.webp,https://www.easemytrip.com/offers/rbl-bank-card.html,RBL Bank World Plus Credit Card
RBL Credit Cards EMI,Enjoy Monsoon Special Discounts on Bookings with RBL Bank Credit Cards,"Valid till :  30th Sep, 2025",RBLEMI,https://images.emtcontent.com/offer-img/RBLEMI-Monsoon-01-june-sm1.webp,https://www.easemytrip.com/offers/rbl-bank-card.html,RBL Bank World Plus MasterCard Credit Card
RBL Credit Cards EMI,Enjoy Monsoon Special Discounts on Bookings with RBL Bank Credit Cards,"Valid till :  30th Sep, 2025",RBLEMI,https://images.emtcontent.com/offer-img/RBLEMI-Monsoon-01-june-sm1.webp,https://www.easemytrip.com/offers/rbl-bank-card.html,RBL Bank Platinum Advantage Credit Card
RBL Credit Cards EMI,Enjoy Monsoon Special Discounts on Bookings with RBL Bank Credit Cards,"Valid till :  30th Sep, 2025",RBLEMI,https://images.emtcontent.com/offer-img/RBLEMI-Monsoon-01-june-sm1.webp,https://www.easemytrip.com/offers/rbl-bank-card.html,RBL Bank EasySaver Credit Card
RBL Credit Cards EMI,Enjoy Monsoon Special Discounts on Bookings with RBL Bank Credit Cards,"Valid till :  30th Sep, 2025",RBLEMI,https://images.emtcontent.com/offer-img/RBLEMI-Monsoon-01-june-sm1.webp,https://www.easemytrip.com/offers/rbl-bank-card.html,RBL Bank EasySaver Visa Credit Card
RBL Credit Cards EMI,Enjoy Monsoon Special Discounts on Bookings with RBL Bank Credit Cards,"Valid till :  30th Sep, 2025",RBLEMI,https://images.emtcontent.com/offer-img/RBLEMI-Monsoon-01-june-sm1.webp,https://www.easemytrip.com/offers/rbl-bank-card.html,RBL Bank MyFirst Mastercard Credit Card
RBL Credit Cards EMI,Enjoy Monsoon Special Discounts on Bookings with RBL Bank Credit Cards,"Valid till :  30th Sep, 2025",RBLEMI,https://images.emtcontent.com/offer-img/RBLEMI-Monsoon-01-june-sm1.webp,https://www.easemytrip.com/offers/rbl-bank-card.html,RBL Bank MyFirst Credit Card
RBL Credit Cards EMI,Enjoy Monsoon Special Discounts on Bookings with RBL Bank Credit Cards,"Valid till :  30th Sep, 2025",RBLEMI,https://images.emtcontent.com/offer-img/RBLEMI-Monsoon-01-june-sm1.webp,https://www.easemytrip.com/offers/rbl-bank-card.html,RBL Bank Binge Credit Card
RBL Credit Cards EMI,Enjoy Monsoon Special Discounts on Bookings with RBL Bank Credit Cards,"Valid till :  30th Sep, 2025",RBLEMI,https://images.emtcontent.com/offer-img/RBLEMI-Monsoon-01-june-sm1.webp,https://www.easemytrip.com/offers/rbl-bank-card.html,RBL Bank Binge MasterCard Credit Card
RBL Credit Cards EMI,Enjoy Monsoon Special Discounts on Bookings with RBL Bank Credit Cards,"Valid till :  30th Sep, 2025",RBLEMI,https://images.emtcontent.com/offer-img/RBLEMI-Monsoon-01-june-sm1.webp,https://www.easemytrip.com/offers/rbl-bank-card.html,RBL Bank Platinum Shopgain  Credit Card
RBL Credit Cards EMI,Enjoy Monsoon Special Discounts on Bookings with RBL Bank Credit Cards,"Valid till :  30th Sep, 2025",RBLEMI,https://images.emtcontent.com/offer-img/RBLEMI-Monsoon-01-june-sm1.webp,https://www.easemytrip.com/offers/rbl-bank-card.html,RBL Bank Platinum Shopgain Visa Credit Card
RBL Credit Cards EMI,Enjoy Monsoon Special Discounts on Bookings with RBL Bank Credit Cards,"Valid till :  30th Sep, 2025",RBLEMI,https://images.emtcontent.com/offer-img/RBLEMI-Monsoon-01-june-sm1.webp,https://www.easemytrip.com/offers/rbl-bank-card.html,RBL Bank Platinum Bonus Credit Card
RBL Credit Cards EMI,Enjoy Monsoon Special Discounts on Bookings with RBL Bank Credit Cards,"Valid till :  30th Sep, 2025",RBLEMI,https://images.emtcontent.com/offer-img/RBLEMI-Monsoon-01-june-sm1.webp,https://www.easemytrip.com/offers/rbl-bank-card.html,RBL Bank Platinum Prime Credit Card
RBL Credit Cards EMI,Enjoy Monsoon Special Discounts on Bookings with RBL Bank Credit Cards,"Valid till :  30th Sep, 2025",RBLEMI,https://images.emtcontent.com/offer-img/RBLEMI-Monsoon-01-june-sm1.webp,https://www.easemytrip.com/offers/rbl-bank-card.html,RBL Bank World Max MasterCard Credit Card
RBL Credit Cards EMI,Enjoy Monsoon Special Discounts on Bookings with RBL Bank Credit Cards,"Valid till :  30th Sep, 2025",RBLEMI,https://images.emtcontent.com/offer-img/RBLEMI-Monsoon-01-june-sm1.webp,https://www.easemytrip.com/offers/rbl-bank-card.html,RBL Bank World Max Credit Card
RBL Credit Cards EMI,Enjoy Monsoon Special Discounts on Bookings with RBL Bank Credit Cards,"Valid till :  30th Sep, 2025",RBLEMI,https://images.emtcontent.com/offer-img/RBLEMI-Monsoon-01-june-sm1.webp,https://www.easemytrip.com/offers/rbl-bank-card.html,RBL Bank Platinum ValuePlus MasterCard Credit Card
RBL Credit Cards EMI,Enjoy Monsoon Special Discounts on Bookings with RBL Bank Credit Cards,"Valid till :  30th Sep, 2025",RBLEMI,https://images.emtcontent.com/offer-img/RBLEMI-Monsoon-01-june-sm1.webp,https://www.easemytrip.com/offers/rbl-bank-card.html,RBL Bank Platinum ValuePlus Visa Credit Card
RBL Credit Cards EMI,Enjoy Monsoon Special Discounts on Bookings with RBL Bank Credit Cards,"Valid till :  30th Sep, 2025",RBLEMI,https://images.emtcontent.com/offer-img/RBLEMI-Monsoon-01-june-sm1.webp,https://www.easemytrip.com/offers/rbl-bank-card.html,RBL Bank Platinum ShopSmart MasterCard Credit Card
RBL Credit Cards EMI,Enjoy Monsoon Special Discounts on Bookings with RBL Bank Credit Cards,"Valid till :  30th Sep, 2025",RBLEMI,https://images.emtcontent.com/offer-img/RBLEMI-Monsoon-01-june-sm1.webp,https://www.easemytrip.com/offers/rbl-bank-card.html,RBL Bank Platinum Shopsmart Credit Card
RBL Credit Cards EMI,Enjoy Monsoon Special Discounts on Bookings with RBL Bank Credit Cards,"Valid till :  30th Sep, 2025",RBLEMI,https://images.emtcontent.com/offer-img/RBLEMI-Monsoon-01-june-sm1.webp,https://www.easemytrip.com/offers/rbl-bank-card.html,RBL Bank Platinum TravelEasy Credit Card
RBL Credit Cards EMI,Enjoy Monsoon Special Discounts on Bookings with RBL Bank Credit Cards,"Valid till :  30th Sep, 2025",RBLEMI,https://images.emtcontent.com/offer-img/RBLEMI-Monsoon-01-june-sm1.webp,https://www.easemytrip.com/offers/rbl-bank-card.html,RBL Bank Platinum TravelEasy Visa Credit Card
RBL Credit Cards EMI,Enjoy Monsoon Special Discounts on Bookings with RBL Bank Credit Cards,"Valid till :  30th Sep, 2025",RBLEMI,https://images.emtcontent.com/offer-img/RBLEMI-Monsoon-01-june-sm1.webp,https://www.easemytrip.com/offers/rbl-bank-card.html,RBL Bank World Prime Credit Card
RBL Credit Cards EMI,Enjoy Monsoon Special Discounts on Bookings with RBL Bank Credit Cards,"Valid till :  30th Sep, 2025",RBLEMI,https://images.emtcontent.com/offer-img/RBLEMI-Monsoon-01-june-sm1.webp,https://www.easemytrip.com/offers/rbl-bank-card.html,RBL Bank World Prime Visa Credit Card
RBL Credit Cards EMI,Enjoy Monsoon Special Discounts on Bookings with RBL Bank Credit Cards,"Valid till :  30th Sep, 2025",RBLEMI,https://images.emtcontent.com/offer-img/RBLEMI-Monsoon-01-june-sm1.webp,https://www.easemytrip.com/offers/rbl-bank-card.html,RBL Bank Platinum Plus Credit Card
RBL Credit Cards EMI,Enjoy Monsoon Special Discounts on Bookings with RBL Bank Credit Cards,"Valid till :  30th Sep, 2025",RBLEMI,https://images.emtcontent.com/offer-img/RBLEMI-Monsoon-01-june-sm1.webp,https://www.easemytrip.com/offers/rbl-bank-card.html,RBL Bank Platinum Plus Visa Credit Card
RBL Credit Cards EMI,Enjoy Monsoon Special Discounts on Bookings with RBL Bank Credit Cards,"Valid till :  30th Sep, 2025",RBLEMI,https://images.emtcontent.com/offer-img/RBLEMI-Monsoon-01-june-sm1.webp,https://www.easemytrip.com/offers/rbl-bank-card.html,RBL Bank Platinum ShopDaily Credit Card
RBL Credit Cards EMI,Enjoy Monsoon Special Discounts on Bookings with RBL Bank Credit Cards,"Valid till :  30th Sep, 2025",RBLEMI,https://images.emtcontent.com/offer-img/RBLEMI-Monsoon-01-june-sm1.webp,https://www.easemytrip.com/offers/rbl-bank-card.html,RBL Bank Platinum ShopDaily Visa Credit Card
RBL Credit Cards EMI,Enjoy Monsoon Special Discounts on Bookings with RBL Bank Credit Cards,"Valid till :  30th Sep, 2025",RBLEMI,https://images.emtcontent.com/offer-img/RBLEMI-Monsoon-01-june-sm1.webp,https://www.easemytrip.com/offers/rbl-bank-card.html,RBL Bank Platinum Edge Credit Card
RBL Credit Cards EMI,Enjoy Monsoon Special Discounts on Bookings with RBL Bank Credit Cards,"Valid till :  30th Sep, 2025",RBLEMI,https://images.emtcontent.com/offer-img/RBLEMI-Monsoon-01-june-sm1.webp,https://www.easemytrip.com/offers/rbl-bank-card.html,RBL Bank Platinum Edge MasterCard
RBL Credit Cards EMI,Enjoy Monsoon Special Discounts on Bookings with RBL Bank Credit Cards,"Valid till :  30th Sep, 2025",RBLEMI,https://images.emtcontent.com/offer-img/RBLEMI-Monsoon-01-june-sm1.webp,https://www.easemytrip.com/offers/rbl-bank-card.html,RBL Bank Platinum LifeEasy Visa Credit Card
RBL Credit Cards EMI,Enjoy Monsoon Special Discounts on Bookings with RBL Bank Credit Cards,"Valid till :  30th Sep, 2025",RBLEMI,https://images.emtcontent.com/offer-img/RBLEMI-Monsoon-01-june-sm1.webp,https://www.easemytrip.com/offers/rbl-bank-card.html,RBL Bank Platinum LifeEasy Credit Card
RBL Credit Cards EMI,Enjoy Monsoon Special Discounts on Bookings with RBL Bank Credit Cards,"Valid till :  30th Sep, 2025",RBLEMI,https://images.emtcontent.com/offer-img/RBLEMI-Monsoon-01-june-sm1.webp,https://www.easemytrip.com/offers/rbl-bank-card.html,RBL Bank DMI Finance Credit Card
RBL Credit Cards EMI,Enjoy Monsoon Special Discounts on Bookings with RBL Bank Credit Cards,"Valid till :  30th Sep, 2025",RBLEMI,https://images.emtcontent.com/offer-img/RBLEMI-Monsoon-01-june-sm1.webp,https://www.easemytrip.com/offers/rbl-bank-card.html,RBL Bank Play Credit Card
RBL Credit Cards EMI,Enjoy Monsoon Special Discounts on Bookings with RBL Bank Credit Cards,"Valid till :  30th Sep, 2025",RBLEMI,https://images.emtcontent.com/offer-img/RBLEMI-Monsoon-01-june-sm1.webp,https://www.easemytrip.com/offers/rbl-bank-card.html,RBL Bank Novio RuPay Credit Card
RBL Credit Cards EMI,Enjoy Monsoon Special Discounts on Bookings with RBL Bank Credit Cards,"Valid till :  30th Sep, 2025",RBLEMI,https://images.emtcontent.com/offer-img/RBLEMI-Monsoon-01-june-sm1.webp,https://www.easemytrip.com/offers/rbl-bank-card.html,IndianOil RBL Bank MasterCard Credit Card
RBL Credit Cards EMI,Enjoy Monsoon Special Discounts on Bookings with RBL Bank Credit Cards,"Valid till :  30th Sep, 2025",RBLEMI,https://images.emtcontent.com/offer-img/RBLEMI-Monsoon-01-june-sm1.webp,https://www.easemytrip.com/offers/rbl-bank-card.html,TVS Credit RBL Bank Gold Mastercard Card
RBL Credit Cards EMI,Enjoy Monsoon Special Discounts on Bookings with RBL Bank Credit Cards,"Valid till :  30th Sep, 2025",RBLEMI,https://images.emtcontent.com/offer-img/RBLEMI-Monsoon-01-june-sm1.webp,https://www.easemytrip.com/offers/rbl-bank-card.html,TVS Credit RBL Bank Card
RBL Credit Cards EMI,Enjoy Monsoon Special Discounts on Bookings with RBL Bank Credit Cards,"Valid till :  30th Sep, 2025",RBLEMI,https://images.emtcontent.com/offer-img/RBLEMI-Monsoon-01-june-sm1.webp,https://www.easemytrip.com/offers/rbl-bank-card.html,RBL Bank SalarySe Up RuPay Credit Card
RBL Credit Cards EMI,Enjoy Monsoon Special Discounts on Bookings with RBL Bank Credit Cards,"Valid till :  30th Sep, 2025",RBLEMI,https://images.emtcontent.com/offer-img/RBLEMI-Monsoon-01-june-sm1.webp,https://www.easemytrip.com/offers/rbl-bank-card.html,RBL Bank Patanjali Vishisht RuPay Card
RBL Credit Cards EMI,Enjoy Monsoon Special Discounts on Bookings with RBL Bank Credit Cards,"Valid till :  30th Sep, 2025",RBLEMI,https://images.emtcontent.com/offer-img/RBLEMI-Monsoon-01-june-sm1.webp,https://www.easemytrip.com/offers/rbl-bank-card.html,Indianoil RBL Bank Xtra Credit Card
RBL Credit Cards EMI,Enjoy Monsoon Special Discounts on Bookings with RBL Bank Credit Cards,"Valid till :  30th Sep, 2025",RBLEMI,https://images.emtcontent.com/offer-img/RBLEMI-Monsoon-01-june-sm1.webp,https://www.easemytrip.com/offers/rbl-bank-card.html,RBL Bank Patanjali Swarn RuPay Card
RBL Credit Cards EMI,Enjoy Monsoon Special Discounts on Bookings with RBL Bank Credit Cards,"Valid till :  30th Sep, 2025",RBLEMI,https://images.emtcontent.com/offer-img/RBLEMI-Monsoon-01-june-sm1.webp,https://www.easemytrip.com/offers/rbl-bank-card.html,RBL Bank Movies and More Credit Card
,,,,,,
RBL Credit Cards EMI,Enjoy Monsoon Special Discounts on Bookings with RBL Bank Credit Cards,"Valid till :  30th Sep, 2025",RBLEMI,https://images.emtcontent.com/offer-img/RBLEMI-Monsoon-01-june-sm1.webp,https://www.easemytrip.com/offers/rbl-bank-card.html,RBL Bank Shoprite Credit Card
RBL Credit Cards EMI,Enjoy Monsoon Special Discounts on Bookings with RBL Bank Credit Cards,"Valid till :  30th Sep, 2025",RBLEMI,https://images.emtcontent.com/offer-img/RBLEMI-Monsoon-01-june-sm1.webp,https://www.easemytrip.com/offers/rbl-bank-card.html,RBL Bank Play Credit Card
RBL Credit Cards EMI,Enjoy Monsoon Special Discounts on Bookings with RBL Bank Credit Cards,"Valid till :  30th Sep, 2025",RBLEMI,https://images.emtcontent.com/offer-img/RBLEMI-Monsoon-01-june-sm1.webp,https://www.easemytrip.com/offers/rbl-bank-card.html,RBL Bank Platinum Delight Credit Card
RBL Credit Cards EMI,Enjoy Monsoon Special Discounts on Bookings with RBL Bank Credit Cards,"Valid till :  30th Sep, 2025",RBLEMI,https://images.emtcontent.com/offer-img/RBLEMI-Monsoon-01-june-sm1.webp,https://www.easemytrip.com/offers/rbl-bank-card.html,RBL Bank World Safari Credit Card
RBL Credit Cards EMI,Enjoy Monsoon Special Discounts on Bookings with RBL Bank Credit Cards,"Valid till :  30th Sep, 2025",RBLEMI,https://images.emtcontent.com/offer-img/RBLEMI-Monsoon-01-june-sm1.webp,https://www.easemytrip.com/offers/rbl-bank-card.html,Bankbazaar Savemax Pro Credit Card
RBL Credit Cards EMI,Enjoy Monsoon Special Discounts on Bookings with RBL Bank Credit Cards,"Valid till :  30th Sep, 2025",RBLEMI,https://images.emtcontent.com/offer-img/RBLEMI-Monsoon-01-june-sm1.webp,https://www.easemytrip.com/offers/rbl-bank-card.html,RBL Bank Lazy Pay Credit Card
RBL Credit Cards EMI,Enjoy Monsoon Special Discounts on Bookings with RBL Bank Credit Cards,"Valid till :  30th Sep, 2025",RBLEMI,https://images.emtcontent.com/offer-img/RBLEMI-Monsoon-01-june-sm1.webp,https://www.easemytrip.com/offers/rbl-bank-card.html,RBL Bank MoneyTap Black Card
RBL Credit Cards EMI,Enjoy Monsoon Special Discounts on Bookings with RBL Bank Credit Cards,"Valid till :  30th Sep, 2025",RBLEMI,https://images.emtcontent.com/offer-img/RBLEMI-Monsoon-01-june-sm1.webp,https://www.easemytrip.com/offers/rbl-bank-card.html,RBL Platinum Maxima Plus Card
RBL Credit Cards EMI,Enjoy Monsoon Special Discounts on Bookings with RBL Bank Credit Cards,"Valid till :  30th Sep, 2025",RBLEMI,https://images.emtcontent.com/offer-img/RBLEMI-Monsoon-01-june-sm1.webp,https://www.easemytrip.com/offers/rbl-bank-card.html,RBL Bank MoneyTap Credit Card
RBL Credit Cards EMI,Enjoy Monsoon Special Discounts on Bookings with RBL Bank Credit Cards,"Valid till :  30th Sep, 2025",RBLEMI,https://images.emtcontent.com/offer-img/RBLEMI-Monsoon-01-june-sm1.webp,https://www.easemytrip.com/offers/rbl-bank-card.html,RBL Bank Icon Credit Card
RBL Credit Cards EMI,Enjoy Monsoon Special Discounts on Bookings with RBL Bank Credit Cards,"Valid till :  30th Sep, 2025",RBLEMI,https://images.emtcontent.com/offer-img/RBLEMI-Monsoon-01-june-sm1.webp,https://www.easemytrip.com/offers/rbl-bank-card.html,RBL Bank Monthly Treats Credit Card
RBL Credit Cards EMI,Enjoy Monsoon Special Discounts on Bookings with RBL Bank Credit Cards,"Valid till :  30th Sep, 2025",RBLEMI,https://images.emtcontent.com/offer-img/RBLEMI-Monsoon-01-june-sm1.webp,https://www.easemytrip.com/offers/rbl-bank-card.html,RBL Bank iGlobe Credit Card
RBL Credit Cards EMI,Enjoy Monsoon Special Discounts on Bookings with RBL Bank Credit Cards,"Valid till :  30th Sep, 2025",RBLEMI,https://images.emtcontent.com/offer-img/RBLEMI-Monsoon-01-june-sm1.webp,https://www.easemytrip.com/offers/rbl-bank-card.html,RBL Bank Paisabazaar Duet Plus Card
RBL Credit Cards EMI,Enjoy Monsoon Special Discounts on Bookings with RBL Bank Credit Cards,"Valid till :  30th Sep, 2025",RBLEMI,https://images.emtcontent.com/offer-img/RBLEMI-Monsoon-01-june-sm1.webp,https://www.easemytrip.com/offers/rbl-bank-card.html,IRCTC RBL Bank Credit Card
RBL Credit Cards EMI,Enjoy Monsoon Special Discounts on Bookings with RBL Bank Credit Cards,"Valid till :  30th Sep, 2025",RBLEMI,https://images.emtcontent.com/offer-img/RBLEMI-Monsoon-01-june-sm1.webp,https://www.easemytrip.com/offers/rbl-bank-card.html,RBL Bank Cookie Credit Card
RBL Credit Cards EMI,Enjoy Monsoon Special Discounts on Bookings with RBL Bank Credit Cards,"Valid till :  30th Sep, 2025",RBLEMI,https://images.emtcontent.com/offer-img/RBLEMI-Monsoon-01-june-sm1.webp,https://www.easemytrip.com/offers/rbl-bank-card.html,IndianOil RBL Bank RuPay Credit Card
RBL Credit Cards EMI,Enjoy Monsoon Special Discounts on Bookings with RBL Bank Credit Cards,"Valid till :  30th Sep, 2025",RBLEMI,https://images.emtcontent.com/offer-img/RBLEMI-Monsoon-01-june-sm1.webp,https://www.easemytrip.com/offers/rbl-bank-card.html,IndianOil RBL Bank XTRA RuPay Credit Card
RBL Credit Cards EMI,Enjoy Monsoon Special Discounts on Bookings with RBL Bank Credit Cards,"Valid till :  30th Sep, 2025",RBLEMI,https://images.emtcontent.com/offer-img/RBLEMI-Monsoon-01-june-sm1.webp,https://www.easemytrip.com/offers/rbl-bank-card.html,RBL Bank Bankbazaar Savemax Credit Card
RBL Credit Cards EMI,Enjoy Monsoon Special Discounts on Bookings with RBL Bank Credit Cards,"Valid till :  30th Sep, 2025",RBLEMI,https://images.emtcontent.com/offer-img/RBLEMI-Monsoon-01-june-sm1.webp,https://www.easemytrip.com/offers/rbl-bank-card.html,RBL Bank Platinum Maxima Credit Card
RBL Credit Cards EMI,Enjoy Monsoon Special Discounts on Bookings with RBL Bank Credit Cards,"Valid till :  30th Sep, 2025",RBLEMI,https://images.emtcontent.com/offer-img/RBLEMI-Monsoon-01-june-sm1.webp,https://www.easemytrip.com/offers/rbl-bank-card.html,RBL Bank VCard
RBL Credit Cards EMI,Enjoy Monsoon Special Discounts on Bookings with RBL Bank Credit Cards,"Valid till :  30th Sep, 2025",RBLEMI,https://images.emtcontent.com/offer-img/RBLEMI-Monsoon-01-june-sm1.webp,https://www.easemytrip.com/offers/rbl-bank-card.html,RBL Bank Insignia Preferred Banking Card
RBL Credit Cards EMI,Enjoy Monsoon Special Discounts on Bookings with RBL Bank Credit Cards,"Valid till :  30th Sep, 2025",RBLEMI,https://images.emtcontent.com/offer-img/RBLEMI-Monsoon-01-june-sm1.webp,https://www.easemytrip.com/offers/rbl-bank-card.html,RBL Bank Mocash Credit Card
RBL Credit Cards EMI,Enjoy Monsoon Special Discounts on Bookings with RBL Bank Credit Cards,"Valid till :  30th Sep, 2025",RBLEMI,https://images.emtcontent.com/offer-img/RBLEMI-Monsoon-01-june-sm1.webp,https://www.easemytrip.com/offers/rbl-bank-card.html,RBL Bank Paisabazaar Duet Card
HSBC TravelOne Credit Card,Enjoy Amazing Discounts on Travel Bookings with HSBC TravelOne Credit Cards only,"Valid till :  31st Dec, 2025",EMTHSBCT1,https://images.emtcontent.com/offer-img/hsbc-20feb25-sm.webp,https://www.easemytrip.com/offers/hsbc-bank-card.html,HSBC TravelOne Credit Card
HSBC Bank,Enjoy the Monsoon Season With Up to INR 5000 OFF* on Travel Bookings with HSBC Bank Credit Card EMI,"Valid till :  30th Sep, 2025",HSBCEMI,https://images.emtcontent.com/offer-img/HSBC-2nd-jul-25-sm.webp,https://www.easemytrip.com/offers/hsbc-credit-card-emi.html,HSBC TravelOne Credit Card
HSBC Bank,Enjoy the Monsoon Season With Up to INR 5000 OFF* on Travel Bookings with HSBC Bank Credit Card EMI,"Valid till :  30th Sep, 2025",HSBCEMI,https://images.emtcontent.com/offer-img/HSBC-2nd-jul-25-sm.webp,https://www.easemytrip.com/offers/hsbc-credit-card-emi.html,HSBC Visa Platinum Credit Card
HSBC Bank,Enjoy the Monsoon Season With Up to INR 5000 OFF* on Travel Bookings with HSBC Bank Credit Card EMI,"Valid till :  30th Sep, 2025",HSBCEMI,https://images.emtcontent.com/offer-img/HSBC-2nd-jul-25-sm.webp,https://www.easemytrip.com/offers/hsbc-credit-card-emi.html,HSBC Taj Credit Card
HSBC Bank,Enjoy the Monsoon Season With Up to INR 5000 OFF* on Travel Bookings with HSBC Bank Credit Card EMI,"Valid till :  30th Sep, 2025",HSBCEMI,https://images.emtcontent.com/offer-img/HSBC-2nd-jul-25-sm.webp,https://www.easemytrip.com/offers/hsbc-credit-card-emi.html,HSBC Live+ Credit Card
HSBC Bank,Enjoy the Monsoon Season With Up to INR 5000 OFF* on Travel Bookings with HSBC Bank Credit Card EMI,"Valid till :  30th Sep, 2025",HSBCEMI,https://images.emtcontent.com/offer-img/HSBC-2nd-jul-25-sm.webp,https://www.easemytrip.com/offers/hsbc-credit-card-emi.html,HSBC Premier Mastercard Credit Card
ICICI Bank Credit Cards,"Save huge on Flight, Hotel & Bus Bookings using ICICI Bank Credit Cards","Valid till : 31st Jul, 2025",ICICIEMT,https://images.emtcontent.com/offer-img/EMT-icici-emt-1jul-sm.webp,https://www.easemytrip.com/offers/icici-bank-credit-card.html,ICICI Bank Rubyx RuPay Credit Card
ICICI Bank Credit Cards,"Save huge on Flight, Hotel & Bus Bookings using ICICI Bank Credit Cards","Valid till : 31st Jul, 2025",ICICIEMT,https://images.emtcontent.com/offer-img/EMT-icici-emt-1jul-sm.webp,https://www.easemytrip.com/offers/icici-bank-credit-card.html,ICICI Bank Coral RuPay Credit Card
ICICI Bank Credit Cards,"Save huge on Flight, Hotel & Bus Bookings using ICICI Bank Credit Cards","Valid till : 31st Jul, 2025",ICICIEMT,https://images.emtcontent.com/offer-img/EMT-icici-emt-1jul-sm.webp,https://www.easemytrip.com/offers/icici-bank-credit-card.html,ICICI Bank HPCL Super Saver RuPay Credit Card
ICICI Bank Credit Cards,"Save huge on Flight, Hotel & Bus Bookings using ICICI Bank Credit Cards","Valid till : 31st Jul, 2025",ICICIEMT,https://images.emtcontent.com/offer-img/EMT-icici-emt-1jul-sm.webp,https://www.easemytrip.com/offers/icici-bank-credit-card.html,ICICI Bank Instant Platinum Credit Card
ICICI Bank Credit Cards,"Save huge on Flight, Hotel & Bus Bookings using ICICI Bank Credit Cards","Valid till : 31st Jul, 2025",ICICIEMT,https://images.emtcontent.com/offer-img/EMT-icici-emt-1jul-sm.webp,https://www.easemytrip.com/offers/icici-bank-credit-card.html,ICICI Bank Sapphiro Credit Card
ICICI Bank Credit Cards,"Save huge on Flight, Hotel & Bus Bookings using ICICI Bank Credit Cards","Valid till : 31st Jul, 2025",ICICIEMT,https://images.emtcontent.com/offer-img/EMT-icici-emt-1jul-sm.webp,https://www.easemytrip.com/offers/icici-bank-credit-card.html,ICICI Bank HPCL Super Saver Credit Card
ICICI Bank Credit Cards,"Save huge on Flight, Hotel & Bus Bookings using ICICI Bank Credit Cards","Valid till : 31st Jul, 2025",ICICIEMT,https://images.emtcontent.com/offer-img/EMT-icici-emt-1jul-sm.webp,https://www.easemytrip.com/offers/icici-bank-credit-card.html,Accelero ICICI Bank Credit Card
ICICI Bank Credit Cards,"Save huge on Flight, Hotel & Bus Bookings using ICICI Bank Credit Cards","Valid till : 31st Jul, 2025",ICICIEMT,https://images.emtcontent.com/offer-img/EMT-icici-emt-1jul-sm.webp,https://www.easemytrip.com/offers/icici-bank-credit-card.html,ICICI Bank Manchester United Platinum Credit Card
ICICI Bank Credit Cards,"Save huge on Flight, Hotel & Bus Bookings using ICICI Bank Credit Cards","Valid till : 31st Jul, 2025",ICICIEMT,https://images.emtcontent.com/offer-img/EMT-icici-emt-1jul-sm.webp,https://www.easemytrip.com/offers/icici-bank-credit-card.html,ICICI Bank Rubyx Credit Card
ICICI Bank Credit Cards,"Save huge on Flight, Hotel & Bus Bookings using ICICI Bank Credit Cards","Valid till : 31st Jul, 2025",ICICIEMT,https://images.emtcontent.com/offer-img/EMT-icici-emt-1jul-sm.webp,https://www.easemytrip.com/offers/icici-bank-credit-card.html,Adani One ICICI Platinum Credit Card
ICICI Bank Credit Cards,"Save huge on Flight, Hotel & Bus Bookings using ICICI Bank Credit Cards","Valid till : 31st Jul, 2025",ICICIEMT,https://images.emtcontent.com/offer-img/EMT-icici-emt-1jul-sm.webp,https://www.easemytrip.com/offers/icici-bank-credit-card.html,ICICI Bank Manchester United Signature Credit Card
ICICI Bank Credit Cards,"Save huge on Flight, Hotel & Bus Bookings using ICICI Bank Credit Cards","Valid till : 31st Jul, 2025",ICICIEMT,https://images.emtcontent.com/offer-img/EMT-icici-emt-1jul-sm.webp,https://www.easemytrip.com/offers/icici-bank-credit-card.html,ICICI Bank Expressions Credit Card
ICICI Bank Credit Cards,"Save huge on Flight, Hotel & Bus Bookings using ICICI Bank Credit Cards","Valid till : 31st Jul, 2025",ICICIEMT,https://images.emtcontent.com/offer-img/EMT-icici-emt-1jul-sm.webp,https://www.easemytrip.com/offers/icici-bank-credit-card.html,ICICI Parakram Credit Card
ICICI Bank Credit Cards,"Save huge on Flight, Hotel & Bus Bookings using ICICI Bank Credit Cards","Valid till : 31st Jul, 2025",ICICIEMT,https://images.emtcontent.com/offer-img/EMT-icici-emt-1jul-sm.webp,https://www.easemytrip.com/offers/icici-bank-credit-card.html,ICICI Bank Times Black Credit Card
ICICI Bank Credit Cards,"Save huge on Flight, Hotel & Bus Bookings using ICICI Bank Credit Cards","Valid till : 31st Jul, 2025",ICICIEMT,https://images.emtcontent.com/offer-img/EMT-icici-emt-1jul-sm.webp,https://www.easemytrip.com/offers/icici-bank-credit-card.html,Adani One ICICI Signature Credit Card
ICICI Bank Credit Cards,"Save huge on Flight, Hotel & Bus Bookings using ICICI Bank Credit Cards","Valid till : 31st Jul, 2025",ICICIEMT,https://images.emtcontent.com/offer-img/EMT-icici-emt-1jul-sm.webp,https://www.easemytrip.com/offers/icici-bank-credit-card.html,Chennai Super Kings ICICI Bank Credit Card.
ICICI Bank Credit Cards,"Save huge on Flight, Hotel & Bus Bookings using ICICI Bank Credit Cards","Valid till : 31st Jul, 2025",ICICIEMT,https://images.emtcontent.com/offer-img/EMT-icici-emt-1jul-sm.webp,https://www.easemytrip.com/offers/icici-bank-credit-card.html,ICICI HPCL Coral Credit Card
ICICI Bank Credit Cards,"Save huge on Flight, Hotel & Bus Bookings using ICICI Bank Credit Cards","Valid till : 31st Jul, 2025",ICICIEMT,https://images.emtcontent.com/offer-img/EMT-icici-emt-1jul-sm.webp,https://www.easemytrip.com/offers/icici-bank-credit-card.html,ICICI Bank Coral Credit Card
ICICI Bank Credit Cards,"Save huge on Flight, Hotel & Bus Bookings using ICICI Bank Credit Cards","Valid till : 31st Jul, 2025",ICICIEMT,https://images.emtcontent.com/offer-img/EMT-icici-emt-1jul-sm.webp,https://www.easemytrip.com/offers/icici-bank-credit-card.html,ICICI Bank Emeralde Credit Card
ICICI Bank Credit Cards,"Save huge on Flight, Hotel & Bus Bookings using ICICI Bank Credit Cards","Valid till : 31st Jul, 2025",ICICIEMT,https://images.emtcontent.com/offer-img/EMT-icici-emt-1jul-sm.webp,https://www.easemytrip.com/offers/icici-bank-credit-card.html,ICICI Parakram Select Credit Card
ICICI Bank Credit Cards,"Save huge on Flight, Hotel & Bus Bookings using ICICI Bank Credit Cards","Valid till : 31st Jul, 2025",ICICIEMT,https://images.emtcontent.com/offer-img/EMT-icici-emt-1jul-sm.webp,https://www.easemytrip.com/offers/icici-bank-credit-card.html,Emirates Skywards Rubyx Credit Card
ICICI Bank Credit Cards,"Save huge on Flight, Hotel & Bus Bookings using ICICI Bank Credit Cards","Valid till : 31st Jul, 2025",ICICIEMT,https://images.emtcontent.com/offer-img/EMT-icici-emt-1jul-sm.webp,https://www.easemytrip.com/offers/icici-bank-credit-card.html,ICICI Bank Sapphiro Credit Card
ICICI Bank Credit Cards,"Save huge on Flight, Hotel & Bus Bookings using ICICI Bank Credit Cards","Valid till : 31st Jul, 2025",ICICIEMT,https://images.emtcontent.com/offer-img/EMT-icici-emt-1jul-sm.webp,https://www.easemytrip.com/offers/icici-bank-credit-card.html,IndusInd InterMiles
ICICI Bank Credit Cards,"Save huge on Flight, Hotel & Bus Bookings using ICICI Bank Credit Cards","Valid till : 31st Jul, 2025",ICICIEMT,https://images.emtcontent.com/offer-img/EMT-icici-emt-1jul-sm.webp,https://www.easemytrip.com/offers/icici-bank-credit-card.html,MakeMyTrip ICICI Bank Credit Card
ICICI Bank Credit Cards,"Save huge on Flight, Hotel & Bus Bookings using ICICI Bank Credit Cards","Valid till : 31st Jul, 2025",ICICIEMT,https://images.emtcontent.com/offer-img/EMT-icici-emt-1jul-sm.webp,https://www.easemytrip.com/offers/icici-bank-credit-card.html,ICICI Bank Platinum Chip Credit Card
ICICI Bank Credit Cards,"Save huge on Flight, Hotel & Bus Bookings using ICICI Bank Credit Cards","Valid till : 31st Jul, 2025",ICICIEMT,https://images.emtcontent.com/offer-img/EMT-icici-emt-1jul-sm.webp,https://www.easemytrip.com/offers/icici-bank-credit-card.html,Makemytrip ICICI Bank Signature Credit Card
ICICI Bank Credit Cards,"Save huge on Flight, Hotel & Bus Bookings using ICICI Bank Credit Cards","Valid till : 31st Jul, 2025",ICICIEMT,https://images.emtcontent.com/offer-img/EMT-icici-emt-1jul-sm.webp,https://www.easemytrip.com/offers/icici-bank-credit-card.html,Emirates Skywards ICICI Bank Emerald Credit Card
Yes Bank Credit Cards,"Enjoy Up to INR 5,000 OFF* on Travel with Yes Bank Credit Cards","Valid till : 30th Sep, 2025",EMTYES,https://images.emtcontent.com/offer-img/emtyes-26feb25-sm2.webp,https://www.easemytrip.com/offers/yes-bank-credit-card.html,Yes ELITE + Credit Card
Yes Bank Credit Cards,"Enjoy Up to INR 5,000 OFF* on Travel with Yes Bank Credit Cards","Valid till : 30th Sep, 2025",EMTYES,https://images.emtcontent.com/offer-img/emtyes-26feb25-sm2.webp,https://www.easemytrip.com/offers/yes-bank-credit-card.html,Yes Prosperity Reward Plus Credit Card
Yes Bank Credit Cards,"Enjoy Up to INR 5,000 OFF* on Travel with Yes Bank Credit Cards","Valid till : 30th Sep, 2025",EMTYES,https://images.emtcontent.com/offer-img/emtyes-26feb25-sm2.webp,https://www.easemytrip.com/offers/yes-bank-credit-card.html,Yes Bank Card Anq Phi Credit  Card
Yes Bank Credit Cards,"Enjoy Up to INR 5,000 OFF* on Travel with Yes Bank Credit Cards","Valid till : 30th Sep, 2025",EMTYES,https://images.emtcontent.com/offer-img/emtyes-26feb25-sm2.webp,https://www.easemytrip.com/offers/yes-bank-credit-card.html,YES Bank Paisabazaar Paisasave Credit Card
Yes Bank Credit Cards,"Enjoy Up to INR 5,000 OFF* on Travel with Yes Bank Credit Cards","Valid till : 30th Sep, 2025",EMTYES,https://images.emtcontent.com/offer-img/emtyes-26feb25-sm2.webp,https://www.easemytrip.com/offers/yes-bank-credit-card.html,YES Bank Marquee Credit Card
Yes Bank Credit Cards,"Enjoy Up to INR 5,000 OFF* on Travel with Yes Bank Credit Cards","Valid till : 30th Sep, 2025",EMTYES,https://images.emtcontent.com/offer-img/emtyes-26feb25-sm2.webp,https://www.easemytrip.com/offers/yes-bank-credit-card.html,Yes Prosperity Cashback Plus Credit Card
Yes Bank Credit Cards,"Enjoy Up to INR 5,000 OFF* on Travel with Yes Bank Credit Cards","Valid till : 30th Sep, 2025",EMTYES,https://images.emtcontent.com/offer-img/emtyes-26feb25-sm2.webp,https://www.easemytrip.com/offers/yes-bank-credit-card.html,Yes EMI Credit Card
Yes Bank Credit Cards,"Enjoy Up to INR 5,000 OFF* on Travel with Yes Bank Credit Cards","Valid till : 30th Sep, 2025",EMTYES,https://images.emtcontent.com/offer-img/emtyes-26feb25-sm2.webp,https://www.easemytrip.com/offers/yes-bank-credit-card.html,Yes Reserv Credit Card
Yes Bank Credit Cards,"Enjoy Up to INR 5,000 OFF* on Travel with Yes Bank Credit Cards","Valid till : 30th Sep, 2025",EMTYES,https://images.emtcontent.com/offer-img/emtyes-26feb25-sm2.webp,https://www.easemytrip.com/offers/yes-bank-credit-card.html,Yes Prosperity Cashback Credit Card
Yes Bank Credit Cards,"Enjoy Up to INR 5,000 OFF* on Travel with Yes Bank Credit Cards","Valid till : 30th Sep, 2025",EMTYES,https://images.emtcontent.com/offer-img/emtyes-26feb25-sm2.webp,https://www.easemytrip.com/offers/yes-bank-credit-card.html,Yes Bank BYOC Credit Card
Yes Bank Credit Cards,"Enjoy Up to INR 5,000 OFF* on Travel with Yes Bank Credit Cards","Valid till : 30th Sep, 2025",EMTYES,https://images.emtcontent.com/offer-img/emtyes-26feb25-sm2.webp,https://www.easemytrip.com/offers/yes-bank-credit-card.html,Yes Bank Finbooster Credit Card
Yes Bank Credit Cards,"Enjoy Up to INR 5,000 OFF* on Travel with Yes Bank Credit Cards","Valid till : 30th Sep, 2025",EMTYES,https://images.emtcontent.com/offer-img/emtyes-26feb25-sm2.webp,https://www.easemytrip.com/offers/yes-bank-credit-card.html,Yes Bank Wellness Credit Card
Yes Bank Credit Cards,"Enjoy Up to INR 5,000 OFF* on Travel with Yes Bank Credit Cards","Valid till : 30th Sep, 2025",EMTYES,https://images.emtcontent.com/offer-img/emtyes-26feb25-sm2.webp,https://www.easemytrip.com/offers/yes-bank-credit-card.html,Yes Private Prime Credit Card
Yes Bank Credit Cards,"Enjoy Up to INR 5,000 OFF* on Travel with Yes Bank Credit Cards","Valid till : 30th Sep, 2025",EMTYES,https://images.emtcontent.com/offer-img/emtyes-26feb25-sm2.webp,https://www.easemytrip.com/offers/yes-bank-credit-card.html,Yes Bank Wellness Plus Credit Card
Yes Bank Credit Cards,"Enjoy Up to INR 5,000 OFF* on Travel with Yes Bank Credit Cards","Valid till : 30th Sep, 2025",EMTYES,https://images.emtcontent.com/offer-img/emtyes-26feb25-sm2.webp,https://www.easemytrip.com/offers/yes-bank-credit-card.html,Yes Prosperity Reward Credit Card
Yes Bank Credit Cards,"Enjoy Up to INR 5,000 OFF* on Travel with Yes Bank Credit Cards","Valid till : 30th Sep, 2025",EMTYES,https://images.emtcontent.com/offer-img/emtyes-26feb25-sm2.webp,https://www.easemytrip.com/offers/yes-bank-credit-card.html,Yes Bank Anq Pi Credit Card
Yes Bank Credit Cards,"Enjoy Up to INR 5,000 OFF* on Travel with Yes Bank Credit Cards","Valid till : 30th Sep, 2025",EMTYES,https://images.emtcontent.com/offer-img/emtyes-26feb25-sm2.webp,https://www.easemytrip.com/offers/yes-bank-credit-card.html,YES Bank Rio RuPay Credit Card
Yes Bank Credit Cards,"Enjoy Up to INR 5,000 OFF* on Travel with Yes Bank Credit Cards","Valid till : 30th Sep, 2025",EMTYES,https://images.emtcontent.com/offer-img/emtyes-26feb25-sm2.webp,https://www.easemytrip.com/offers/yes-bank-credit-card.html,Yes Prosperity Edge Credit Card
Federal Bank EMI,Avail Special Discounts on Flight & Hotel Bookings With Federal Bank Credit Cards EMI,"Valid till :  30th Sep, 2025",EMTFEDEMI,https://images.emtcontent.com/offer-img/EMTFEDEMI-Monsoon-2nd-jul-sm.webp,https://www.easemytrip.com/offers/federal-bank-credit-card.html,Fed Starbiz Rupay Credit Card
Federal Bank EMI,Avail Special Discounts on Flight & Hotel Bookings With Federal Bank Credit Cards EMI,"Valid till :  30th Sep, 2025",EMTFEDEMI,https://images.emtcontent.com/offer-img/EMTFEDEMI-Monsoon-2nd-jul-sm.webp,https://www.easemytrip.com/offers/federal-bank-credit-card.html,Federal Bank Mastercard Signet
Federal Bank EMI,Avail Special Discounts on Flight & Hotel Bookings With Federal Bank Credit Cards EMI,"Valid till :  30th Sep, 2025",EMTFEDEMI,https://images.emtcontent.com/offer-img/EMTFEDEMI-Monsoon-2nd-jul-sm.webp,https://www.easemytrip.com/offers/federal-bank-credit-card.html,Federal Bank MagniFi Credit Card
Federal Bank EMI,Avail Special Discounts on Flight & Hotel Bookings With Federal Bank Credit Cards EMI,"Valid till :  30th Sep, 2025",EMTFEDEMI,https://images.emtcontent.com/offer-img/EMTFEDEMI-Monsoon-2nd-jul-sm.webp,https://www.easemytrip.com/offers/federal-bank-credit-card.html,Federal Bank AmpliFi Credit Card
Federal Bank EMI,Avail Special Discounts on Flight & Hotel Bookings With Federal Bank Credit Cards EMI,"Valid till :  30th Sep, 2025",EMTFEDEMI,https://images.emtcontent.com/offer-img/EMTFEDEMI-Monsoon-2nd-jul-sm.webp,https://www.easemytrip.com/offers/federal-bank-credit-card.html,Federal Bank Wave Credit Card
Federal Bank EMI,Avail Special Discounts on Flight & Hotel Bookings With Federal Bank Credit Cards EMI,"Valid till :  30th Sep, 2025",EMTFEDEMI,https://images.emtcontent.com/offer-img/EMTFEDEMI-Monsoon-2nd-jul-sm.webp,https://www.easemytrip.com/offers/federal-bank-credit-card.html,Federal Bank Rupay Signet Credit Card
Federal Bank EMI,Avail Special Discounts on Flight & Hotel Bookings With Federal Bank Credit Cards EMI,"Valid till :  30th Sep, 2025",EMTFEDEMI,https://images.emtcontent.com/offer-img/EMTFEDEMI-Monsoon-2nd-jul-sm.webp,https://www.easemytrip.com/offers/federal-bank-credit-card.html,Federal Bank Scapia Credit Card
Federal Bank EMI,Avail Special Discounts on Flight & Hotel Bookings With Federal Bank Credit Cards EMI,"Valid till :  30th Sep, 2025",EMTFEDEMI,https://images.emtcontent.com/offer-img/EMTFEDEMI-Monsoon-2nd-jul-sm.webp,https://www.easemytrip.com/offers/federal-bank-credit-card.html,Federal Bank Visa Celesta
Federal Bank EMI,Avail Special Discounts on Flight & Hotel Bookings With Federal Bank Credit Cards EMI,"Valid till :  30th Sep, 2025",EMTFEDEMI,https://images.emtcontent.com/offer-img/EMTFEDEMI-Monsoon-2nd-jul-sm.webp,https://www.easemytrip.com/offers/federal-bank-credit-card.html,Federal Bank Visa Imperio
PNB EMT Credit Cards,Wander the world with Wonderful Deals with PNB EMT Credit Cards,"Valid till : 31st Dec, 2026",PNBEMT,https://images.emtcontent.com/offer-img/pnb-emt-co-branded-credit-card-sm.png,https://www.easemytrip.com/offers/pnb-emt-co-branded-credit-card.html,PNB EMT Rupay Platinum Credit Card
BOBCARD EMI,Unlock Monsoon Special Discounts on Bookings with BOBCARD EMI,"Valid till : 30th Sep, 2025",BOBEMI,https://images.emtcontent.com/offer-img/BOBDEMI-Monsoon1-jul-25-sm1.webp,https://www.easemytrip.com/offers/bank-of-baroda.html,Bank of Baroda Premier Credit card
BOBCARD EMI,Unlock Monsoon Special Discounts on Bookings with BOBCARD EMI,"Valid till : 30th Sep, 2025",BOBEMI,https://images.emtcontent.com/offer-img/BOBDEMI-Monsoon1-jul-25-sm1.webp,https://www.easemytrip.com/offers/bank-of-baroda.html,BOB Assure Credit Card
BOBCARD EMI,Unlock Monsoon Special Discounts on Bookings with BOBCARD EMI,"Valid till : 30th Sep, 2025",BOBEMI,https://images.emtcontent.com/offer-img/BOBDEMI-Monsoon1-jul-25-sm1.webp,https://www.easemytrip.com/offers/bank-of-baroda.html,Eterna Bobcard
BOBCARD EMI,Unlock Monsoon Special Discounts on Bookings with BOBCARD EMI,"Valid till : 30th Sep, 2025",BOBEMI,https://images.emtcontent.com/offer-img/BOBDEMI-Monsoon1-jul-25-sm1.webp,https://www.easemytrip.com/offers/bank-of-baroda.html,Indian Navy Varunah Premium Bobcard
BOBCARD EMI,Unlock Monsoon Special Discounts on Bookings with BOBCARD EMI,"Valid till : 30th Sep, 2025",BOBEMI,https://images.emtcontent.com/offer-img/BOBDEMI-Monsoon1-jul-25-sm1.webp,https://www.easemytrip.com/offers/bank-of-baroda.html,CMA One Bobcard
BOBCARD EMI,Unlock Monsoon Special Discounts on Bookings with BOBCARD EMI,"Valid till : 30th Sep, 2025",BOBEMI,https://images.emtcontent.com/offer-img/BOBDEMI-Monsoon1-jul-25-sm1.webp,https://www.easemytrip.com/offers/bank-of-baroda.html,Bank of Baroda ETERNA Credit card
BOBCARD EMI,Unlock Monsoon Special Discounts on Bookings with BOBCARD EMI,"Valid till : 30th Sep, 2025",BOBEMI,https://images.emtcontent.com/offer-img/BOBDEMI-Monsoon1-jul-25-sm1.webp,https://www.easemytrip.com/offers/bank-of-baroda.html,ICSI Diamond Bobcard
BOBCARD EMI,Unlock Monsoon Special Discounts on Bookings with BOBCARD EMI,"Valid till : 30th Sep, 2025",BOBEMI,https://images.emtcontent.com/offer-img/BOBDEMI-Monsoon1-jul-25-sm1.webp,https://www.easemytrip.com/offers/bank-of-baroda.html,Bank of Baroda EASY Credit Card
BOBCARD EMI,Unlock Monsoon Special Discounts on Bookings with BOBCARD EMI,"Valid till : 30th Sep, 2025",BOBEMI,https://images.emtcontent.com/offer-img/BOBDEMI-Monsoon1-jul-25-sm1.webp,https://www.easemytrip.com/offers/bank-of-baroda.html,ICAI Exclusive Bobcard
BOBCARD EMI,Unlock Monsoon Special Discounts on Bookings with BOBCARD EMI,"Valid till : 30th Sep, 2025",BOBEMI,https://images.emtcontent.com/offer-img/BOBDEMI-Monsoon1-jul-25-sm1.webp,https://www.easemytrip.com/offers/bank-of-baroda.html,Assam Rifles The Sentinel Bobcard
BOBCARD EMI,Unlock Monsoon Special Discounts on Bookings with BOBCARD EMI,"Valid till : 30th Sep, 2025",BOBEMI,https://images.emtcontent.com/offer-img/BOBDEMI-Monsoon1-jul-25-sm1.webp,https://www.easemytrip.com/offers/bank-of-baroda.html,Indian Army Yoddha Bobcard
BOBCARD EMI,Unlock Monsoon Special Discounts on Bookings with BOBCARD EMI,"Valid till : 30th Sep, 2025",BOBEMI,https://images.emtcontent.com/offer-img/BOBDEMI-Monsoon1-jul-25-sm1.webp,https://www.easemytrip.com/offers/bank-of-baroda.html,HPCL BoB ENERGIE
BOBCARD EMI,Unlock Monsoon Special Discounts on Bookings with BOBCARD EMI,"Valid till : 30th Sep, 2025",BOBEMI,https://images.emtcontent.com/offer-img/BOBDEMI-Monsoon1-jul-25-sm1.webp,https://www.easemytrip.com/offers/bank-of-baroda.html,Prime Bobcard
BOBCARD EMI,Unlock Monsoon Special Discounts on Bookings with BOBCARD EMI,"Valid till : 30th Sep, 2025",BOBEMI,https://images.emtcontent.com/offer-img/BOBDEMI-Monsoon1-jul-25-sm1.webp,https://www.easemytrip.com/offers/bank-of-baroda.html,Swavlamban Bobcard
BOBCARD EMI,Unlock Monsoon Special Discounts on Bookings with BOBCARD EMI,"Valid till : 30th Sep, 2025",BOBEMI,https://images.emtcontent.com/offer-img/BOBDEMI-Monsoon1-jul-25-sm1.webp,https://www.easemytrip.com/offers/bank-of-baroda.html,IRCTC Bobcard
BOBCARD EMI,Unlock Monsoon Special Discounts on Bookings with BOBCARD EMI,"Valid till : 30th Sep, 2025",BOBEMI,https://images.emtcontent.com/offer-img/BOBDEMI-Monsoon1-jul-25-sm1.webp,https://www.easemytrip.com/offers/bank-of-baroda.html,Snapdeal Bobcard
BOBCARD EMI,Unlock Monsoon Special Discounts on Bookings with BOBCARD EMI,"Valid till : 30th Sep, 2025",BOBEMI,https://images.emtcontent.com/offer-img/BOBDEMI-Monsoon1-jul-25-sm1.webp,https://www.easemytrip.com/offers/bank-of-baroda.html,Unnati Bobcard
BOBCARD EMI,Unlock Monsoon Special Discounts on Bookings with BOBCARD EMI,"Valid till : 30th Sep, 2025",BOBEMI,https://images.emtcontent.com/offer-img/BOBDEMI-Monsoon1-jul-25-sm1.webp,https://www.easemytrip.com/offers/bank-of-baroda.html,Indian Coast Guard Rakshamah Bank of Baroda
BOBCARD EMI,Unlock Monsoon Special Discounts on Bookings with BOBCARD EMI,"Valid till : 30th Sep, 2025",BOBEMI,https://images.emtcontent.com/offer-img/BOBDEMI-Monsoon1-jul-25-sm1.webp,https://www.easemytrip.com/offers/bank-of-baroda.html,SELECT
Standard Chartered,Travel discounts on the Standard Chartered - EaseMyTrip Credit Cards,"Valid till: 31st Dec, 2025",EMTSCB,https://images.emtcontent.com/offer-img/emtscb-16july-sm.png,https://www.easemytrip.com/offers/standard-charted-bank.html,Standard Chartered Easemytrip Credit Card
