Offer Title,Description,Link,Eligible Credit Cards,Eligible Debit Cards
,,,,
,,,,
,,,,
,,,,
,,,,
,,,,
,,,,
,,,,
,,,,
,,,,
,,,,
,,,,
,,,,
,,,,
,,,,
,,,,
,,,,
,,,,
,,,,
,,,,
,,,,
,,,,
,,,,
,,,,
,,,,
,,,,
,,,,
,,,,
,,,,
,,,,
,,,,
,,,,
,,,,
,,,,
,,,,
,,,,
,,,,
,,,,
,,,,
,,,,
,,,,
,,,,
,,,,
,,,,
,,,,
,,,,
,,,,
,,,,
,,,,
,,,,
,,,,
,,,,
,,,,
,,,,
,,,,
,,,,
,,,,
,,,,
,,,,
,,,,
,,,,
,,,,
,,,,
,,,,
,,,,
,,,,
,,,,
,,,,
Get Flat 12% Off On Hotels with BOBCARD EMI,Hotels,https://www.ixigo.com/offers/BOBCARD-EMI,Assam Rifles The Sentinel Bobcard,
Get Flat 12% Off On Hotels with BOBCARD EMI,Hotels,https://www.ixigo.com/offers/BOBCARD-EMI,BOB Assure Credit Card,
Get Flat 12% Off On Hotels with BOBCARD EMI,Hotels,https://www.ixigo.com/offers/BOBCARD-EMI,Bank of Baroda EASY Credit Card,
Get Flat 12% Off On Hotels with BOBCARD EMI,Hotels,https://www.ixigo.com/offers/BOBCARD-EMI,Bank of Baroda ETERNA Credit card,
Get Flat 12% Off On Hotels with BOBCARD EMI,Hotels,https://www.ixigo.com/offers/BOBCARD-EMI,Bank of Baroda Premier Credit Card,
Get Flat 12% Off On Hotels with BOBCARD EMI,Hotels,https://www.ixigo.com/offers/BOBCARD-EMI,Bobcard Select,
Get Flat 12% Off On Hotels with BOBCARD EMI,Hotels,https://www.ixigo.com/offers/BOBCARD-EMI,CMA One Bobcard,
Get Flat 12% Off On Hotels with BOBCARD EMI,Hotels,https://www.ixigo.com/offers/BOBCARD-EMI,Eterna Bobcard,
Get Flat 12% Off On Hotels with BOBCARD EMI,Hotels,https://www.ixigo.com/offers/BOBCARD-EMI,HPCL BoB ENERGIE,
Get Flat 12% Off On Hotels with BOBCARD EMI,Hotels,https://www.ixigo.com/offers/BOBCARD-EMI,ICAI Exclusive Bobcard,
Get Flat 12% Off On Hotels with BOBCARD EMI,Hotels,https://www.ixigo.com/offers/BOBCARD-EMI,ICSI Diamond Bobcard,
Get Flat 12% Off On Hotels with BOBCARD EMI,Hotels,https://www.ixigo.com/offers/BOBCARD-EMI,IRCTC Bobcard,
Get Flat 12% Off On Hotels with BOBCARD EMI,Hotels,https://www.ixigo.com/offers/BOBCARD-EMI,Indian Army Yoddha Bobcard,
Get Flat 12% Off On Hotels with BOBCARD EMI,Hotels,https://www.ixigo.com/offers/BOBCARD-EMI,Indian Coast Guard Rakshamah Bank of Baroda,
Get Flat 12% Off On Hotels with BOBCARD EMI,Hotels,https://www.ixigo.com/offers/BOBCARD-EMI,Indian Navy Varunah Premium Bobcard,
Get Flat 12% Off On Hotels with BOBCARD EMI,Hotels,https://www.ixigo.com/offers/BOBCARD-EMI,Prime Bobcard,
Get Flat 12% Off On Hotels with BOBCARD EMI,Hotels,https://www.ixigo.com/offers/BOBCARD-EMI,Snapdeal Bobcard,
Get Flat 12% Off On Hotels with BOBCARD EMI,Hotels,https://www.ixigo.com/offers/BOBCARD-EMI,Swavlamban Bobcard,
Get Flat 12% Off On Hotels with BOBCARD EMI,Hotels,https://www.ixigo.com/offers/BOBCARD-EMI,Unnati Bobcard,
,,,,
,,,,
,,,,
,,,,
,,,,
,,,,
,,,,
,,,,
,,,,
,,,,
,,,,
,,,,
,,,,
Flat 10% Off on Domestic Hotels with Kotak Retail Credit Card EMI,Hotels,https://www.ixigo.com/offers/kotak-Dom,Indianoil Kotak Credit Card,
Flat 10% Off on Domestic Hotels with Kotak Retail Credit Card EMI,Hotels,https://www.ixigo.com/offers/kotak-Dom,Kotak 811 Credit Card,
Flat 10% Off on Domestic Hotels with Kotak Retail Credit Card EMI,Hotels,https://www.ixigo.com/offers/kotak-Dom,Kotak 811 Dream Different Credit Card,
Flat 10% Off on Domestic Hotels with Kotak Retail Credit Card EMI,Hotels,https://www.ixigo.com/offers/kotak-Dom,Kotak IndiGo 6E Rewards Credit Card,
Flat 10% Off on Domestic Hotels with Kotak Retail Credit Card EMI,Hotels,https://www.ixigo.com/offers/kotak-Dom,Kotak IndiGo 6E Rewards XL Credit Card,
Flat 10% Off on Domestic Hotels with Kotak Retail Credit Card EMI,Hotels,https://www.ixigo.com/offers/kotak-Dom,Kotak League Platinum Credit Card,
Flat 10% Off on Domestic Hotels with Kotak Retail Credit Card EMI,Hotels,https://www.ixigo.com/offers/kotak-Dom,Kotak Mojo Platinum Credit Card,
Flat 10% Off on Domestic Hotels with Kotak Retail Credit Card EMI,Hotels,https://www.ixigo.com/offers/kotak-Dom,Kotak Urbane Gold Credit Card,
Flat 10% Off on Domestic Hotels with Kotak Retail Credit Card EMI,Hotels,https://www.ixigo.com/offers/kotak-Dom,Kotak White Credit Card,
Flat 10% Off on Domestic Hotels with Kotak Retail Credit Card EMI,Hotels,https://www.ixigo.com/offers/kotak-Dom,Kotak Zen Signature Credit Card,
Flat 10% Off on Domestic Hotels with Kotak Retail Credit Card EMI,Hotels,https://www.ixigo.com/offers/kotak-Dom,Myntra Kotak Credit Card,
Flat 10% Off on Domestic Hotels with Kotak Retail Credit Card EMI,Hotels,https://www.ixigo.com/offers/kotak-Dom,PVR Inox Kotak Credit Card,
Get Flat 12% On Hotels with BOBCARD EMI,Hotels,https://www.ixigo.com/offers/bob-cc-hotels,Assam Rifles The Sentinel Bobcard,
Get Flat 12% On Hotels with BOBCARD EMI,Hotels,https://www.ixigo.com/offers/bob-cc-hotels,BOB Assure Credit Card,
Get Flat 12% On Hotels with BOBCARD EMI,Hotels,https://www.ixigo.com/offers/bob-cc-hotels,Bank of Baroda EASY Credit Card,
Get Flat 12% On Hotels with BOBCARD EMI,Hotels,https://www.ixigo.com/offers/bob-cc-hotels,Bank of Baroda ETERNA Credit card,
Get Flat 12% On Hotels with BOBCARD EMI,Hotels,https://www.ixigo.com/offers/bob-cc-hotels,Bank of Baroda Premier Credit Card,
Get Flat 12% On Hotels with BOBCARD EMI,Hotels,https://www.ixigo.com/offers/bob-cc-hotels,Bobcard Select,
Get Flat 12% On Hotels with BOBCARD EMI,Hotels,https://www.ixigo.com/offers/bob-cc-hotels,CMA One Bobcard,
Get Flat 12% On Hotels with BOBCARD EMI,Hotels,https://www.ixigo.com/offers/bob-cc-hotels,Eterna Bobcard,
Get Flat 12% On Hotels with BOBCARD EMI,Hotels,https://www.ixigo.com/offers/bob-cc-hotels,HPCL BoB ENERGIE,
Get Flat 12% On Hotels with BOBCARD EMI,Hotels,https://www.ixigo.com/offers/bob-cc-hotels,ICAI Exclusive Bobcard,
Get Flat 12% On Hotels with BOBCARD EMI,Hotels,https://www.ixigo.com/offers/bob-cc-hotels,ICSI Diamond Bobcard,
Get Flat 12% On Hotels with BOBCARD EMI,Hotels,https://www.ixigo.com/offers/bob-cc-hotels,IRCTC Bobcard,
Get Flat 12% On Hotels with BOBCARD EMI,Hotels,https://www.ixigo.com/offers/bob-cc-hotels,Indian Army Yoddha Bobcard,
Get Flat 12% On Hotels with BOBCARD EMI,Hotels,https://www.ixigo.com/offers/bob-cc-hotels,Indian Coast Guard Rakshamah Bank of Baroda,
Get Flat 12% On Hotels with BOBCARD EMI,Hotels,https://www.ixigo.com/offers/bob-cc-hotels,Indian Navy Varunah Premium Bobcard,
Get Flat 12% On Hotels with BOBCARD EMI,Hotels,https://www.ixigo.com/offers/bob-cc-hotels,Prime Bobcard,
Get Flat 12% On Hotels with BOBCARD EMI,Hotels,https://www.ixigo.com/offers/bob-cc-hotels,Snapdeal Bobcard,
Get Flat 12% On Hotels with BOBCARD EMI,Hotels,https://www.ixigo.com/offers/bob-cc-hotels,Swavlamban Bobcard,
Get Flat 12% On Hotels with BOBCARD EMI,Hotels,https://www.ixigo.com/offers/bob-cc-hotels,Unnati Bobcard,
Flat 15% Off on Domestic Hotels with J&K Bank Cards,Hotels,https://www.ixigo.com/offers/jk-bank-hotel-dom,J&K Bank Gold Credit Card,
Flat 15% Off on Domestic Hotels with J&K Bank Cards,Hotels,https://www.ixigo.com/offers/jk-bank-hotel-dom,J&K Bank Platinum Credit Card,
Flat 15% Off on Domestic Hotels with J&K Bank Cards,Hotels,https://www.ixigo.com/offers/jk-bank-hotel-dom,J&K Bank World Credit Card,
,,,,
,,,,
,,,,
,,,,
,,,,
,,,,
,,,,
,,,,
,,,,
,,,,
,,,,
,,,,
,,,,
,,,,
,,,,
,,,,
,,,,
,,,,
,,,,
,,,,
,,,,
,,,,
,,,,
,,,,
,,,,
,,,,
,,,,
,,,,
,,,,
,,,,
,,,,
,,,,
,,,,
,,,,
,,,,
,,,,
,,,,
,,,,
,,,,
,,,,
,,,,
,,,,
,,,,
,,,,
Get Flat 10% Off On Domestic Hotels with AU Bank Credit Cards,Hotels,https://www.ixigo.com/offers/aufullswipe-hotels,AU Altura Credit Card,
Get Flat 10% Off On Domestic Hotels with AU Bank Credit Cards,Hotels,https://www.ixigo.com/offers/aufullswipe-hotels,AU Bank Altura Plus Credit Card,
Get Flat 10% Off On Domestic Hotels with AU Bank Credit Cards,Hotels,https://www.ixigo.com/offers/aufullswipe-hotels,AU Bank InstaPay Credit Card,
Get Flat 10% Off On Domestic Hotels with AU Bank Credit Cards,Hotels,https://www.ixigo.com/offers/aufullswipe-hotels,AU Bank Zenith+ Credit Card,
Get Flat 10% Off On Domestic Hotels with AU Bank Credit Cards,Hotels,https://www.ixigo.com/offers/aufullswipe-hotels,AU LIT Credit Card,
Get Flat 10% Off On Domestic Hotels with AU Bank Credit Cards,Hotels,https://www.ixigo.com/offers/aufullswipe-hotels,AU Vetta Credit Card,
Get Flat 10% Off On Domestic Hotels with AU Bank Credit Cards,Hotels,https://www.ixigo.com/offers/aufullswipe-hotels,AU Zenith Credit Card,
Get Flat 10% Off On Domestic Hotels with AU Bank Credit Cards,Hotels,https://www.ixigo.com/offers/aufullswipe-hotels,Ixigo AU Travel Credit Card,
Flat 15% Off on Domestic Hotels with Kotak Bank Credit Cards,Hotels,https://www.ixigo.com/offers/kotakdom,Kotak Royale Signature Credit Card,
Flat 15% Off on Domestic Hotels with Kotak Bank Credit Cards,Hotels,https://www.ixigo.com/offers/kotakdom,Kotak Privy League Signature credit Card,
Flat 15% Off on Domestic Hotels with Kotak Bank Credit Cards,Hotels,https://www.ixigo.com/offers/kotakdom,Kotak NRI Roya Signature Credit Card,
Flat 15% Off on Domestic Hotels with Kotak Bank Credit Cards,Hotels,https://www.ixigo.com/offers/kotakdom,Kotak Zen Signature Credit Card,
Flat 15% Off on Domestic Hotels with Kotak Bank Credit Cards,Hotels,https://www.ixigo.com/offers/kotakdom,Kotak White Credit Card,
Flat 15% Off on Domestic Hotels with Kotak Bank Credit Cards,Hotels,https://www.ixigo.com/offers/kotakdom,Kotak Infinite Credit Card,
Flat 15% Off on Domestic Hotels with Kotak Bank Credit Cards,Hotels,https://www.ixigo.com/offers/kotakdom,Kotak Veer Select Credit Card,
Flat 8% Off with Yes Bank Credit Card,Hotels,https://www.ixigo.com/offers/yes-hotel-dom,YES Bank Marquee Credit Card,
Flat 8% Off with Yes Bank Credit Card,Hotels,https://www.ixigo.com/offers/yes-hotel-dom,YES Bank Paisabazaar Paisasave Credit Card,
Flat 8% Off with Yes Bank Credit Card,Hotels,https://www.ixigo.com/offers/yes-hotel-dom,YES Bank Rio RuPay Credit Card,
Flat 8% Off with Yes Bank Credit Card,Hotels,https://www.ixigo.com/offers/yes-hotel-dom,Yes Bank Anq Pi Credit Card,
Flat 8% Off with Yes Bank Credit Card,Hotels,https://www.ixigo.com/offers/yes-hotel-dom,Yes Bank BYOC Credit Card,
Flat 8% Off with Yes Bank Credit Card,Hotels,https://www.ixigo.com/offers/yes-hotel-dom,Yes Bank Card Anq Phi Credit  Card,
Flat 8% Off with Yes Bank Credit Card,Hotels,https://www.ixigo.com/offers/yes-hotel-dom,Yes Bank Finbooster Credit Card,
Flat 8% Off with Yes Bank Credit Card,Hotels,https://www.ixigo.com/offers/yes-hotel-dom,Yes Bank Wellness Credit Card,
Flat 8% Off with Yes Bank Credit Card,Hotels,https://www.ixigo.com/offers/yes-hotel-dom,Yes Bank Wellness Plus Credit Card,
Flat 8% Off with Yes Bank Credit Card,Hotels,https://www.ixigo.com/offers/yes-hotel-dom,Yes ELITE + Credit Card,
Flat 8% Off with Yes Bank Credit Card,Hotels,https://www.ixigo.com/offers/yes-hotel-dom,Yes EMI Credit Card,
Flat 8% Off with Yes Bank Credit Card,Hotels,https://www.ixigo.com/offers/yes-hotel-dom,Yes Private Prime Credit Card,
Flat 8% Off with Yes Bank Credit Card,Hotels,https://www.ixigo.com/offers/yes-hotel-dom,Yes Prosperity Cashback Credit Card,
Flat 8% Off with Yes Bank Credit Card,Hotels,https://www.ixigo.com/offers/yes-hotel-dom,Yes Prosperity Cashback Plus Credit Card,
Flat 8% Off with Yes Bank Credit Card,Hotels,https://www.ixigo.com/offers/yes-hotel-dom,Yes Prosperity Edge Credit Card,
Flat 8% Off with Yes Bank Credit Card,Hotels,https://www.ixigo.com/offers/yes-hotel-dom,Yes Prosperity Reward Credit Card,
Flat 8% Off with Yes Bank Credit Card,Hotels,https://www.ixigo.com/offers/yes-hotel-dom,Yes Prosperity Reward Plus Credit Card,
Flat 8% Off with Yes Bank Credit Card,Hotels,https://www.ixigo.com/offers/yes-hotel-dom,Yes Reserv Credit Card,
Up to Rs.2000 Off on Domestic Hotels with HDFC Bank Credit Card EMI,Hotels,https://www.ixigo.com/offers/hotel-hdfc-dom-emi,CSC Small Business MoneyBack Credit Card,
Up to Rs.2000 Off on Domestic Hotels with HDFC Bank Credit Card EMI,Hotels,https://www.ixigo.com/offers/hotel-hdfc-dom-emi,HDFC Biz Black Metal Edition Credit Card,
Up to Rs.2000 Off on Domestic Hotels with HDFC Bank Credit Card EMI,Hotels,https://www.ixigo.com/offers/hotel-hdfc-dom-emi,6E Rewards Indigo HDFC Bank Credit Card,
Up to Rs.2000 Off on Domestic Hotels with HDFC Bank Credit Card EMI,Hotels,https://www.ixigo.com/offers/hotel-hdfc-dom-emi,6E Rewards XL IndiGo HDFC Bank Credit Card,
Up to Rs.2000 Off on Domestic Hotels with HDFC Bank Credit Card EMI,Hotels,https://www.ixigo.com/offers/hotel-hdfc-dom-emi,Easy EMI Card,
Up to Rs.2000 Off on Domestic Hotels with HDFC Bank Credit Card EMI,Hotels,https://www.ixigo.com/offers/hotel-hdfc-dom-emi,Flipkart Wholesale HDFC Bank Credit Card,
Up to Rs.2000 Off on Domestic Hotels with HDFC Bank Credit Card EMI,Hotels,https://www.ixigo.com/offers/hotel-hdfc-dom-emi,HDFC All Miles Credit Card,
Up to Rs.2000 Off on Domestic Hotels with HDFC Bank Credit Card EMI,Hotels,https://www.ixigo.com/offers/hotel-hdfc-dom-emi,HDFC Bank Biz First Credit Card,
Up to Rs.2000 Off on Domestic Hotels with HDFC Bank Credit Card EMI,Hotels,https://www.ixigo.com/offers/hotel-hdfc-dom-emi,HDFC Bank Biz Grow Credit Card,
Up to Rs.2000 Off on Domestic Hotels with HDFC Bank Credit Card EMI,Hotels,https://www.ixigo.com/offers/hotel-hdfc-dom-emi,HDFC Bank Biz Grow Credit Card,
Up to Rs.2000 Off on Domestic Hotels with HDFC Bank Credit Card EMI,Hotels,https://www.ixigo.com/offers/hotel-hdfc-dom-emi,HDFC Bank Biz Power Credit Card,
Up to Rs.2000 Off on Domestic Hotels with HDFC Bank Credit Card EMI,Hotels,https://www.ixigo.com/offers/hotel-hdfc-dom-emi,HDFC Bank Biz Power Visa Credit Card,
Up to Rs.2000 Off on Domestic Hotels with HDFC Bank Credit Card EMI,Hotels,https://www.ixigo.com/offers/hotel-hdfc-dom-emi,HDFC Bank Business Gold Credit Card,
Up to Rs.2000 Off on Domestic Hotels with HDFC Bank Credit Card EMI,Hotels,https://www.ixigo.com/offers/hotel-hdfc-dom-emi,HDFC Bank Business Regalia First Credit Card,
Up to Rs.2000 Off on Domestic Hotels with HDFC Bank Credit Card EMI,Hotels,https://www.ixigo.com/offers/hotel-hdfc-dom-emi,HDFC Bank Freedom Credit Card,
Up to Rs.2000 Off on Domestic Hotels with HDFC Bank Credit Card EMI,Hotels,https://www.ixigo.com/offers/hotel-hdfc-dom-emi,HDFC Bank Harley-Davidson Diners Club Credit Card ??,
Up to Rs.2000 Off on Domestic Hotels with HDFC Bank Credit Card EMI,Hotels,https://www.ixigo.com/offers/hotel-hdfc-dom-emi,HDFC Bank Infinia Credit Card Metal Edition,
Up to Rs.2000 Off on Domestic Hotels with HDFC Bank Credit Card EMI,Hotels,https://www.ixigo.com/offers/hotel-hdfc-dom-emi,HDFC Bank MoneyBack Plus RuPay Credit Card,
Up to Rs.2000 Off on Domestic Hotels with HDFC Bank Credit Card EMI,Hotels,https://www.ixigo.com/offers/hotel-hdfc-dom-emi,HDFC Bank Moneyback Plus Credit Card,
Up to Rs.2000 Off on Domestic Hotels with HDFC Bank Credit Card EMI,Hotels,https://www.ixigo.com/offers/hotel-hdfc-dom-emi,HDFC Bank Platinum Times Credit Card,
Up to Rs.2000 Off on Domestic Hotels with HDFC Bank Credit Card EMI,Hotels,https://www.ixigo.com/offers/hotel-hdfc-dom-emi,HDFC Bank Titanium Times Card,
Up to Rs.2000 Off on Domestic Hotels with HDFC Bank Credit Card EMI,Hotels,https://www.ixigo.com/offers/hotel-hdfc-dom-emi,HDFC Bank UPI RuPay Biz Credit Card,
Up to Rs.2000 Off on Domestic Hotels with HDFC Bank Credit Card EMI,Hotels,https://www.ixigo.com/offers/hotel-hdfc-dom-emi,HDFC Bank UPI RuPay Credit Card,
Up to Rs.2000 Off on Domestic Hotels with HDFC Bank Credit Card EMI,Hotels,https://www.ixigo.com/offers/hotel-hdfc-dom-emi,HDFC Bank World Mastercard Credit Card,
Up to Rs.2000 Off on Domestic Hotels with HDFC Bank Credit Card EMI,Hotels,https://www.ixigo.com/offers/hotel-hdfc-dom-emi,HDFC Bharat Credit Card,
Up to Rs.2000 Off on Domestic Hotels with HDFC Bank Credit Card EMI,Hotels,https://www.ixigo.com/offers/hotel-hdfc-dom-emi,HDFC Diners Club Black Credit Card,
Up to Rs.2000 Off on Domestic Hotels with HDFC Bank Credit Card EMI,Hotels,https://www.ixigo.com/offers/hotel-hdfc-dom-emi,HDFC Diners Club Privilege Credit Card,
Up to Rs.2000 Off on Domestic Hotels with HDFC Bank Credit Card EMI,Hotels,https://www.ixigo.com/offers/hotel-hdfc-dom-emi,HDFC H.O.G. Diners Club Credit Card,
Up to Rs.2000 Off on Domestic Hotels with HDFC Bank Credit Card EMI,Hotels,https://www.ixigo.com/offers/hotel-hdfc-dom-emi,HDFC Millennia Credit Card,
Up to Rs.2000 Off on Domestic Hotels with HDFC Bank Credit Card EMI,Hotels,https://www.ixigo.com/offers/hotel-hdfc-dom-emi,HDFC Moneyback Credit Card,
Up to Rs.2000 Off on Domestic Hotels with HDFC Bank Credit Card EMI,Hotels,https://www.ixigo.com/offers/hotel-hdfc-dom-emi,HDFC Pixel Go Credit Card,
Up to Rs.2000 Off on Domestic Hotels with HDFC Bank Credit Card EMI,Hotels,https://www.ixigo.com/offers/hotel-hdfc-dom-emi,HDFC Pixel Go Rupay Credit Card,
Up to Rs.2000 Off on Domestic Hotels with HDFC Bank Credit Card EMI,Hotels,https://www.ixigo.com/offers/hotel-hdfc-dom-emi,HDFC Pixel Play Credit Card,
Up to Rs.2000 Off on Domestic Hotels with HDFC Bank Credit Card EMI,Hotels,https://www.ixigo.com/offers/hotel-hdfc-dom-emi,HDFC Regalia Gold Credit Card,
Up to Rs.2000 Off on Domestic Hotels with HDFC Bank Credit Card EMI,Hotels,https://www.ixigo.com/offers/hotel-hdfc-dom-emi,HDFC Swiggy Credit Card,
Up to Rs.2000 Off on Domestic Hotels with HDFC Bank Credit Card EMI,Hotels,https://www.ixigo.com/offers/hotel-hdfc-dom-emi,IRCTC HDFC Bank Credit Card,
Up to Rs.2000 Off on Domestic Hotels with HDFC Bank Credit Card EMI,Hotels,https://www.ixigo.com/offers/hotel-hdfc-dom-emi,IndianOil HDFC Bank RuPay Credit Card,
Up to Rs.2000 Off on Domestic Hotels with HDFC Bank Credit Card EMI,Hotels,https://www.ixigo.com/offers/hotel-hdfc-dom-emi,Indianoil HDFC Bank Credit Card,
Up to Rs.2000 Off on Domestic Hotels with HDFC Bank Credit Card EMI,Hotels,https://www.ixigo.com/offers/hotel-hdfc-dom-emi,InterMiles HDFC Bank Signature Credit Card,
Up to Rs.2000 Off on Domestic Hotels with HDFC Bank Credit Card EMI,Hotels,https://www.ixigo.com/offers/hotel-hdfc-dom-emi,Intermiles HDFC Bank Diners Club Credit Card,
Up to Rs.2000 Off on Domestic Hotels with HDFC Bank Credit Card EMI,Hotels,https://www.ixigo.com/offers/hotel-hdfc-dom-emi,Intermiles HDFC Bank Platinum Credit Card,
Up to Rs.2000 Off on Domestic Hotels with HDFC Bank Credit Card EMI,Hotels,https://www.ixigo.com/offers/hotel-hdfc-dom-emi,Marriott Bonvoy HDFC Bank Credit Card,
Up to Rs.2000 Off on Domestic Hotels with HDFC Bank Credit Card EMI,Hotels,https://www.ixigo.com/offers/hotel-hdfc-dom-emi,Paytm HDFC Bank Business Credit Card,
Up to Rs.2000 Off on Domestic Hotels with HDFC Bank Credit Card EMI,Hotels,https://www.ixigo.com/offers/hotel-hdfc-dom-emi,Paytm HDFC Bank Select Business Credit Card,
Up to Rs.2000 Off on Domestic Hotels with HDFC Bank Credit Card EMI,Hotels,https://www.ixigo.com/offers/hotel-hdfc-dom-emi,Shoppers Stop Black HDFC Bank Credit Card,
Up to Rs.2000 Off on Domestic Hotels with HDFC Bank Credit Card EMI,Hotels,https://www.ixigo.com/offers/hotel-hdfc-dom-emi,Shoppers Stop HDFC Bank Credit Card,
Up to Rs.2000 Off on Domestic Hotels with HDFC Bank Credit Card EMI,Hotels,https://www.ixigo.com/offers/hotel-hdfc-dom-emi,Tata Neu Infinity HDFC Bank Credit Card,
Up to Rs.2000 Off on Domestic Hotels with HDFC Bank Credit Card EMI,Hotels,https://www.ixigo.com/offers/hotel-hdfc-dom-emi,Tata Neu Infinity HDFC Bank RuPay Credit Card,
Up to Rs.2000 Off on Domestic Hotels with HDFC Bank Credit Card EMI,Hotels,https://www.ixigo.com/offers/hotel-hdfc-dom-emi,Tata Neu Plus HDFC Bank Credit Card,
Up to Rs.2000 Off on Domestic Hotels with HDFC Bank Credit Card EMI,Hotels,https://www.ixigo.com/offers/hotel-hdfc-dom-emi,Tata Neu Plus HDFC Bank RuPay Credit Card,
Flat 10% Off on International Hotels with J&K Bank Cards,Hotels,https://www.ixigo.com/offers/jk-bank-hotel-int,J&K Bank Gold Credit Card,
Flat 10% Off on International Hotels with J&K Bank Cards,Hotels,https://www.ixigo.com/offers/jk-bank-hotel-int,J&K Bank Platinum Credit Card,
Flat 10% Off on International Hotels with J&K Bank Cards,Hotels,https://www.ixigo.com/offers/jk-bank-hotel-int,J&K Bank World Credit Card,
Up to Rs.7500 Off on International Hotels with HDFC Bank Credit Card EMI,Hotels,https://www.ixigo.com/offers/hotel-hdfc-int-emi,CSC Small Business MoneyBack Credit Card,
Up to Rs.7500 Off on International Hotels with HDFC Bank Credit Card EMI,Hotels,https://www.ixigo.com/offers/hotel-hdfc-int-emi,HDFC Biz Black Metal Edition Credit Card,
Up to Rs.7500 Off on International Hotels with HDFC Bank Credit Card EMI,Hotels,https://www.ixigo.com/offers/hotel-hdfc-int-emi,6E Rewards Indigo HDFC Bank Credit Card,
Up to Rs.7500 Off on International Hotels with HDFC Bank Credit Card EMI,Hotels,https://www.ixigo.com/offers/hotel-hdfc-int-emi,6E Rewards XL IndiGo HDFC Bank Credit Card,
Up to Rs.7500 Off on International Hotels with HDFC Bank Credit Card EMI,Hotels,https://www.ixigo.com/offers/hotel-hdfc-int-emi,Easy EMI Card,
Up to Rs.7500 Off on International Hotels with HDFC Bank Credit Card EMI,Hotels,https://www.ixigo.com/offers/hotel-hdfc-int-emi,Flipkart Wholesale HDFC Bank Credit Card,
Up to Rs.7500 Off on International Hotels with HDFC Bank Credit Card EMI,Hotels,https://www.ixigo.com/offers/hotel-hdfc-int-emi,HDFC All Miles Credit Card,
Up to Rs.7500 Off on International Hotels with HDFC Bank Credit Card EMI,Hotels,https://www.ixigo.com/offers/hotel-hdfc-int-emi,HDFC Bank Biz First Credit Card,
Up to Rs.7500 Off on International Hotels with HDFC Bank Credit Card EMI,Hotels,https://www.ixigo.com/offers/hotel-hdfc-int-emi,HDFC Bank Biz Grow Credit Card,
Up to Rs.7500 Off on International Hotels with HDFC Bank Credit Card EMI,Hotels,https://www.ixigo.com/offers/hotel-hdfc-int-emi,HDFC Bank Biz Grow Credit Card,
Up to Rs.7500 Off on International Hotels with HDFC Bank Credit Card EMI,Hotels,https://www.ixigo.com/offers/hotel-hdfc-int-emi,HDFC Bank Biz Power Credit Card,
Up to Rs.7500 Off on International Hotels with HDFC Bank Credit Card EMI,Hotels,https://www.ixigo.com/offers/hotel-hdfc-int-emi,HDFC Bank Biz Power Visa Credit Card,
Up to Rs.7500 Off on International Hotels with HDFC Bank Credit Card EMI,Hotels,https://www.ixigo.com/offers/hotel-hdfc-int-emi,HDFC Bank Business Gold Credit Card,
Up to Rs.7500 Off on International Hotels with HDFC Bank Credit Card EMI,Hotels,https://www.ixigo.com/offers/hotel-hdfc-int-emi,HDFC Bank Business Regalia First Credit Card,
Up to Rs.7500 Off on International Hotels with HDFC Bank Credit Card EMI,Hotels,https://www.ixigo.com/offers/hotel-hdfc-int-emi,HDFC Bank Freedom Credit Card,
Up to Rs.7500 Off on International Hotels with HDFC Bank Credit Card EMI,Hotels,https://www.ixigo.com/offers/hotel-hdfc-int-emi,HDFC Bank Harley-Davidson Diners Club Credit Card ??,
Up to Rs.7500 Off on International Hotels with HDFC Bank Credit Card EMI,Hotels,https://www.ixigo.com/offers/hotel-hdfc-int-emi,HDFC Bank Infinia Credit Card Metal Edition,
Up to Rs.7500 Off on International Hotels with HDFC Bank Credit Card EMI,Hotels,https://www.ixigo.com/offers/hotel-hdfc-int-emi,HDFC Bank MoneyBack Plus RuPay Credit Card,
Up to Rs.7500 Off on International Hotels with HDFC Bank Credit Card EMI,Hotels,https://www.ixigo.com/offers/hotel-hdfc-int-emi,HDFC Bank Moneyback Plus Credit Card,
Up to Rs.7500 Off on International Hotels with HDFC Bank Credit Card EMI,Hotels,https://www.ixigo.com/offers/hotel-hdfc-int-emi,HDFC Bank Platinum Times Credit Card,
Up to Rs.7500 Off on International Hotels with HDFC Bank Credit Card EMI,Hotels,https://www.ixigo.com/offers/hotel-hdfc-int-emi,HDFC Bank Titanium Times Card,
Up to Rs.7500 Off on International Hotels with HDFC Bank Credit Card EMI,Hotels,https://www.ixigo.com/offers/hotel-hdfc-int-emi,HDFC Bank UPI RuPay Biz Credit Card,
Up to Rs.7500 Off on International Hotels with HDFC Bank Credit Card EMI,Hotels,https://www.ixigo.com/offers/hotel-hdfc-int-emi,HDFC Bank UPI RuPay Credit Card,
Up to Rs.7500 Off on International Hotels with HDFC Bank Credit Card EMI,Hotels,https://www.ixigo.com/offers/hotel-hdfc-int-emi,HDFC Bank World Mastercard Credit Card,
Up to Rs.7500 Off on International Hotels with HDFC Bank Credit Card EMI,Hotels,https://www.ixigo.com/offers/hotel-hdfc-int-emi,HDFC Bharat Credit Card,
Up to Rs.7500 Off on International Hotels with HDFC Bank Credit Card EMI,Hotels,https://www.ixigo.com/offers/hotel-hdfc-int-emi,HDFC Diners Club Black Credit Card,
Up to Rs.7500 Off on International Hotels with HDFC Bank Credit Card EMI,Hotels,https://www.ixigo.com/offers/hotel-hdfc-int-emi,HDFC Diners Club Privilege Credit Card,
Up to Rs.7500 Off on International Hotels with HDFC Bank Credit Card EMI,Hotels,https://www.ixigo.com/offers/hotel-hdfc-int-emi,HDFC H.O.G. Diners Club Credit Card,
Up to Rs.7500 Off on International Hotels with HDFC Bank Credit Card EMI,Hotels,https://www.ixigo.com/offers/hotel-hdfc-int-emi,HDFC Millennia Credit Card,
Up to Rs.7500 Off on International Hotels with HDFC Bank Credit Card EMI,Hotels,https://www.ixigo.com/offers/hotel-hdfc-int-emi,HDFC Moneyback Credit Card,
Up to Rs.7500 Off on International Hotels with HDFC Bank Credit Card EMI,Hotels,https://www.ixigo.com/offers/hotel-hdfc-int-emi,HDFC Pixel Go Credit Card,
Up to Rs.7500 Off on International Hotels with HDFC Bank Credit Card EMI,Hotels,https://www.ixigo.com/offers/hotel-hdfc-int-emi,HDFC Pixel Go Rupay Credit Card,
Up to Rs.7500 Off on International Hotels with HDFC Bank Credit Card EMI,Hotels,https://www.ixigo.com/offers/hotel-hdfc-int-emi,HDFC Pixel Play Credit Card,
Up to Rs.7500 Off on International Hotels with HDFC Bank Credit Card EMI,Hotels,https://www.ixigo.com/offers/hotel-hdfc-int-emi,HDFC Regalia Gold Credit Card,
Up to Rs.7500 Off on International Hotels with HDFC Bank Credit Card EMI,Hotels,https://www.ixigo.com/offers/hotel-hdfc-int-emi,HDFC Swiggy Credit Card,
Up to Rs.7500 Off on International Hotels with HDFC Bank Credit Card EMI,Hotels,https://www.ixigo.com/offers/hotel-hdfc-int-emi,IRCTC HDFC Bank Credit Card,
Up to Rs.7500 Off on International Hotels with HDFC Bank Credit Card EMI,Hotels,https://www.ixigo.com/offers/hotel-hdfc-int-emi,IndianOil HDFC Bank RuPay Credit Card,
Up to Rs.7500 Off on International Hotels with HDFC Bank Credit Card EMI,Hotels,https://www.ixigo.com/offers/hotel-hdfc-int-emi,Indianoil HDFC Bank Credit Card,
Up to Rs.7500 Off on International Hotels with HDFC Bank Credit Card EMI,Hotels,https://www.ixigo.com/offers/hotel-hdfc-int-emi,InterMiles HDFC Bank Signature Credit Card,
Up to Rs.7500 Off on International Hotels with HDFC Bank Credit Card EMI,Hotels,https://www.ixigo.com/offers/hotel-hdfc-int-emi,Intermiles HDFC Bank Diners Club Credit Card,
Up to Rs.7500 Off on International Hotels with HDFC Bank Credit Card EMI,Hotels,https://www.ixigo.com/offers/hotel-hdfc-int-emi,Intermiles HDFC Bank Platinum Credit Card,
Up to Rs.7500 Off on International Hotels with HDFC Bank Credit Card EMI,Hotels,https://www.ixigo.com/offers/hotel-hdfc-int-emi,Marriott Bonvoy HDFC Bank Credit Card,
Up to Rs.7500 Off on International Hotels with HDFC Bank Credit Card EMI,Hotels,https://www.ixigo.com/offers/hotel-hdfc-int-emi,Paytm HDFC Bank Business Credit Card,
Up to Rs.7500 Off on International Hotels with HDFC Bank Credit Card EMI,Hotels,https://www.ixigo.com/offers/hotel-hdfc-int-emi,Paytm HDFC Bank Select Business Credit Card,
Up to Rs.7500 Off on International Hotels with HDFC Bank Credit Card EMI,Hotels,https://www.ixigo.com/offers/hotel-hdfc-int-emi,Shoppers Stop Black HDFC Bank Credit Card,
Up to Rs.7500 Off on International Hotels with HDFC Bank Credit Card EMI,Hotels,https://www.ixigo.com/offers/hotel-hdfc-int-emi,Shoppers Stop HDFC Bank Credit Card,
Up to Rs.7500 Off on International Hotels with HDFC Bank Credit Card EMI,Hotels,https://www.ixigo.com/offers/hotel-hdfc-int-emi,Tata Neu Infinity HDFC Bank Credit Card,
Up to Rs.7500 Off on International Hotels with HDFC Bank Credit Card EMI,Hotels,https://www.ixigo.com/offers/hotel-hdfc-int-emi,Tata Neu Infinity HDFC Bank RuPay Credit Card,
Up to Rs.7500 Off on International Hotels with HDFC Bank Credit Card EMI,Hotels,https://www.ixigo.com/offers/hotel-hdfc-int-emi,Tata Neu Plus HDFC Bank Credit Card,
Up to Rs.7500 Off on International Hotels with HDFC Bank Credit Card EMI,Hotels,https://www.ixigo.com/offers/hotel-hdfc-int-emi,Tata Neu Plus HDFC Bank RuPay Credit Card,
Flat 10% Off on International Hotels with Kotak Retail Credit Card EMI,Hotels,https://www.ixigo.com/offers/kotak-Int,Indianoil Kotak Credit Card,
Flat 10% Off on International Hotels with Kotak Retail Credit Card EMI,Hotels,https://www.ixigo.com/offers/kotak-Int,Kotak 811 Credit Card,
Flat 10% Off on International Hotels with Kotak Retail Credit Card EMI,Hotels,https://www.ixigo.com/offers/kotak-Int,Kotak 811 Dream Different Credit Card,
Flat 10% Off on International Hotels with Kotak Retail Credit Card EMI,Hotels,https://www.ixigo.com/offers/kotak-Int,Kotak IndiGo 6E Rewards Credit Card,
Flat 10% Off on International Hotels with Kotak Retail Credit Card EMI,Hotels,https://www.ixigo.com/offers/kotak-Int,Kotak IndiGo 6E Rewards XL Credit Card,
Flat 10% Off on International Hotels with Kotak Retail Credit Card EMI,Hotels,https://www.ixigo.com/offers/kotak-Int,Kotak League Platinum Credit Card,
Flat 10% Off on International Hotels with Kotak Retail Credit Card EMI,Hotels,https://www.ixigo.com/offers/kotak-Int,Kotak Mojo Platinum Credit Card,
Flat 10% Off on International Hotels with Kotak Retail Credit Card EMI,Hotels,https://www.ixigo.com/offers/kotak-Int,Kotak Urbane Gold Credit Card,
Flat 10% Off on International Hotels with Kotak Retail Credit Card EMI,Hotels,https://www.ixigo.com/offers/kotak-Int,Kotak White Credit Card,
Flat 10% Off on International Hotels with Kotak Retail Credit Card EMI,Hotels,https://www.ixigo.com/offers/kotak-Int,Kotak Zen Signature Credit Card,
Flat 10% Off on International Hotels with Kotak Retail Credit Card EMI,Hotels,https://www.ixigo.com/offers/kotak-Int,Myntra Kotak Credit Card,
Flat 10% Off on International Hotels with Kotak Retail Credit Card EMI,Hotels,https://www.ixigo.com/offers/kotak-Int,PVR Inox Kotak Credit Card,
,,,,
,,,,
,,,,
,,,,
,,,,
,,,,
,,,,
,,,,
,,,,
,,,,
,,,,
,,,,
,,,,
,,,,
,,,,
,,,,
,,,,
,,,,
,,,,
,,,,
,,,,
,,,,
,,,,
,,,,
,,,,
,,,,
,,,,
,,,,
,,,,
,,,,
,,,,
,,,,
,,,,
,,,,
,,,,
Flat 15% Off on International Hotels with Kotak Bank Credit Cards,Hotels,https://www.ixigo.com/offers/kotakinh,Kotak Royale Signature Credit Card,
Flat 15% Off on International Hotels with Kotak Bank Credit Cards,Hotels,https://www.ixigo.com/offers/kotakinh,Kotak Privy League Signature credit Card,
Flat 15% Off on International Hotels with Kotak Bank Credit Cards,Hotels,https://www.ixigo.com/offers/kotakinh,Kotak NRI Roya Signature Credit Card,
Flat 15% Off on International Hotels with Kotak Bank Credit Cards,Hotels,https://www.ixigo.com/offers/kotakinh,Kotak Zen Signature Credit Card,
Flat 15% Off on International Hotels with Kotak Bank Credit Cards,Hotels,https://www.ixigo.com/offers/kotakinh,Kotak White Credit Card,
Flat 15% Off on International Hotels with Kotak Bank Credit Cards,Hotels,https://www.ixigo.com/offers/kotakinh,Kotak Infinite Credit Card,
Flat 15% Off on International Hotels with Kotak Bank Credit Cards,Hotels,https://www.ixigo.com/offers/kotakinh,Kotak Veer Select Credit Card,
Get Flat 10% Off on International Hotels with AU Bank Credit Cards,Hotels,https://www.ixigo.com/offers/au-int-hotels,AU Altura Credit Card,
Get Flat 10% Off on International Hotels with AU Bank Credit Cards,Hotels,https://www.ixigo.com/offers/au-int-hotels,AU Bank Altura Plus Credit Card,
Get Flat 10% Off on International Hotels with AU Bank Credit Cards,Hotels,https://www.ixigo.com/offers/au-int-hotels,Ixigo AU Travel Credit Card,
Get Flat 10% Off on International Hotels with AU Bank Credit Cards,Hotels,https://www.ixigo.com/offers/au-int-hotels,AU Nomo Credit Card,
Get Flat 10% Off on International Hotels with AU Bank Credit Cards,Hotels,https://www.ixigo.com/offers/au-int-hotels,AU LIT Credit Card,
Get Flat 10% Off on International Hotels with AU Bank Credit Cards,Hotels,https://www.ixigo.com/offers/au-int-hotels,AU Vetta Credit Card,
Get Flat 10% Off on International Hotels with AU Bank Credit Cards,Hotels,https://www.ixigo.com/offers/au-int-hotels,AU Spont Credit Card,
Get Flat 10% Off on International Hotels with AU Bank Credit Cards,Hotels,https://www.ixigo.com/offers/au-int-hotels,AU Xcite Ace Credit Card,
Get Flat 10% Off on International Hotels with AU Bank Credit Cards,Hotels,https://www.ixigo.com/offers/au-int-hotels,AU Xcite Ultra Credit Card,
Get Flat 10% Off on International Hotels with AU Bank Credit Cards,Hotels,https://www.ixigo.com/offers/au-int-hotels,AU Kosmo Credit Card,
Get Flat 10% Off on International Hotels with AU Bank Credit Cards,Hotels,https://www.ixigo.com/offers/au-int-hotels,AU Zenith Credit Card,
Get Flat 10% Off on International Hotels with AU Bank Credit Cards,Hotels,https://www.ixigo.com/offers/au-int-hotels,AU Bank Zenith+ Credit Card,
Get up to Rs.7500 Off on International Hotels with ICICI Bank Credit Card EMI,Hotels,https://www.ixigo.com/offers/icici_hotels,MakeMyTrip ICICI Bank Credit Card,
Get up to Rs.7500 Off on International Hotels with ICICI Bank Credit Card EMI,Hotels,https://www.ixigo.com/offers/icici_hotels,ICICI Bank HPCL Super Saver Credit Card,
Get up to Rs.7500 Off on International Hotels with ICICI Bank Credit Card EMI,Hotels,https://www.ixigo.com/offers/icici_hotels,ICICI Bank HPCL Super Saver RuPay Credit Card,
Get up to Rs.7500 Off on International Hotels with ICICI Bank Credit Card EMI,Hotels,https://www.ixigo.com/offers/icici_hotels,ICICI Bank Sapphiro Credit Card,
Get up to Rs.7500 Off on International Hotels with ICICI Bank Credit Card EMI,Hotels,https://www.ixigo.com/offers/icici_hotels,ICICI Parakram Select Credit Card,
Get up to Rs.7500 Off on International Hotels with ICICI Bank Credit Card EMI,Hotels,https://www.ixigo.com/offers/icici_hotels,Emirates Skywards ICICI Bank Emerald Credit Card,
Get up to Rs.7500 Off on International Hotels with ICICI Bank Credit Card EMI,Hotels,https://www.ixigo.com/offers/icici_hotels,Accelero ICICI Bank Credit Card,
Get up to Rs.7500 Off on International Hotels with ICICI Bank Credit Card EMI,Hotels,https://www.ixigo.com/offers/icici_hotels,ICICI HPCL Coral Credit Card,
Get up to Rs.7500 Off on International Hotels with ICICI Bank Credit Card EMI,Hotels,https://www.ixigo.com/offers/icici_hotels,MakeMyTrip ICICI Bank Platinum Credit Card,
Get up to Rs.7500 Off on International Hotels with ICICI Bank Credit Card EMI,Hotels,https://www.ixigo.com/offers/icici_hotels,Makemytrip ICICI Bank Signature Credit Card,
Get up to Rs.7500 Off on International Hotels with ICICI Bank Credit Card EMI,Hotels,https://www.ixigo.com/offers/icici_hotels,ICICI Bank Manchester United Platinum Credit Card,
Get up to Rs.7500 Off on International Hotels with ICICI Bank Credit Card EMI,Hotels,https://www.ixigo.com/offers/icici_hotels,ICICI Parakram Credit Card,
Get up to Rs.7500 Off on International Hotels with ICICI Bank Credit Card EMI,Hotels,https://www.ixigo.com/offers/icici_hotels,ICICI Bank Expressions Credit Card,
Get up to Rs.7500 Off on International Hotels with ICICI Bank Credit Card EMI,Hotels,https://www.ixigo.com/offers/icici_hotels,Emirates Skywards Rubyx Credit Card,
Get up to Rs.7500 Off on International Hotels with ICICI Bank Credit Card EMI,Hotels,https://www.ixigo.com/offers/icici_hotels,Adani One ICICI Platinum Credit Card,
Get up to Rs.7500 Off on International Hotels with ICICI Bank Credit Card EMI,Hotels,https://www.ixigo.com/offers/icici_hotels,Adani One ICICI Signature Credit Card,
Get up to Rs.7500 Off on International Hotels with ICICI Bank Credit Card EMI,Hotels,https://www.ixigo.com/offers/icici_hotels,ICICI Bank Emeralde Credit Card,
Get up to Rs.7500 Off on International Hotels with ICICI Bank Credit Card EMI,Hotels,https://www.ixigo.com/offers/icici_hotels,ICICI Bank Instant Platinum Credit Card,
Get up to Rs.7500 Off on International Hotels with ICICI Bank Credit Card EMI,Hotels,https://www.ixigo.com/offers/icici_hotels,ICICI Bank Manchester United Signature Credit Card,
Get up to Rs.7500 Off on International Hotels with ICICI Bank Credit Card EMI,Hotels,https://www.ixigo.com/offers/icici_hotels,ICICI Bank Credit Card,
Get up to Rs.7500 Off on International Hotels with ICICI Bank Credit Card EMI,Hotels,https://www.ixigo.com/offers/icici_hotels,ICICI Bank Coral RuPay Credit Card,
Get up to Rs.7500 Off on International Hotels with ICICI Bank Credit Card EMI,Hotels,https://www.ixigo.com/offers/icici_hotels,Chennai Super Kings ICICI Bank Credit Card,
Get up to Rs.7500 Off on International Hotels with ICICI Bank Credit Card EMI,Hotels,https://www.ixigo.com/offers/icici_hotels,ICICI Bank Coral Credit Card,
Get up to Rs.7500 Off on International Hotels with ICICI Bank Credit Card EMI,Hotels,https://www.ixigo.com/offers/icici_hotels,ICICI Bank Rubyx RuPay Credit Card,
Get up to Rs.7500 Off on International Hotels with ICICI Bank Credit Card EMI,Hotels,https://www.ixigo.com/offers/icici_hotels,ICICI Bank Rubyx Credit Card,
Get up to Rs.7500 Off on International Hotels with ICICI Bank Credit Card EMI,Hotels,https://www.ixigo.com/offers/icici_hotels,ICICI Bank Platinum Chip Credit Card,
Get up to Rs.7500 Off on International Hotels with ICICI Bank Credit Card EMI,Hotels,https://www.ixigo.com/offers/icici_hotels,ICICI Bank Times Black Credit Card,
Up to 12% Off on Domestic Flights with RBL Bank Credit Card & Credit Card EMI,Hotels,https://www.ixigo.com/offers/rbl-cc-emi-dom-hotel,RBL Bank VCard,
Up to 12% Off on Domestic Flights with RBL Bank Credit Card & Credit Card EMI,Hotels,https://www.ixigo.com/offers/rbl-cc-emi-dom-hotel,RBL Bank Cookie Credit Card,
Up to 12% Off on Domestic Flights with RBL Bank Credit Card & Credit Card EMI,Hotels,https://www.ixigo.com/offers/rbl-cc-emi-dom-hotel,RBL Bank Shoprite Credit Card,
Up to 12% Off on Domestic Flights with RBL Bank Credit Card & Credit Card EMI,Hotels,https://www.ixigo.com/offers/rbl-cc-emi-dom-hotel,RBL Platinum Maxima Plus Card,
Up to 12% Off on Domestic Flights with RBL Bank Credit Card & Credit Card EMI,Hotels,https://www.ixigo.com/offers/rbl-cc-emi-dom-hotel,RBL Bank MoneyTap Black Card,
Up to 12% Off on Domestic Flights with RBL Bank Credit Card & Credit Card EMI,Hotels,https://www.ixigo.com/offers/rbl-cc-emi-dom-hotel,RBL Bank Platinum Maxima Credit Card,
Up to 12% Off on Domestic Flights with RBL Bank Credit Card & Credit Card EMI,Hotels,https://www.ixigo.com/offers/rbl-cc-emi-dom-hotel,RBL Bank Movies and More Credit Card,
Up to 12% Off on Domestic Flights with RBL Bank Credit Card & Credit Card EMI,Hotels,https://www.ixigo.com/offers/rbl-cc-emi-dom-hotel,RBL Bank Paisabazaar Duet Plus Card,
Up to 12% Off on Domestic Flights with RBL Bank Credit Card & Credit Card EMI,Hotels,https://www.ixigo.com/offers/rbl-cc-emi-dom-hotel,RBL Bank Bankbazaar Savemax Pro Credit Card,
Up to 12% Off on Domestic Flights with RBL Bank Credit Card & Credit Card EMI,Hotels,https://www.ixigo.com/offers/rbl-cc-emi-dom-hotel,RBL Bank Bankbazaar Savemax Credit Card,
Up to 12% Off on Domestic Flights with RBL Bank Credit Card & Credit Card EMI,Hotels,https://www.ixigo.com/offers/rbl-cc-emi-dom-hotel,RBL Bank iGlobe Credit Card,
Up to 12% Off on Domestic Flights with RBL Bank Credit Card & Credit Card EMI,Hotels,https://www.ixigo.com/offers/rbl-cc-emi-dom-hotel,RBL Bank Insignia Preferred Banking Card,
Up to 12% Off on Domestic Flights with RBL Bank Credit Card & Credit Card EMI,Hotels,https://www.ixigo.com/offers/rbl-cc-emi-dom-hotel,RBL Bank Play Credit Card,
Up to 12% Off on Domestic Flights with RBL Bank Credit Card & Credit Card EMI,Hotels,https://www.ixigo.com/offers/rbl-cc-emi-dom-hotel,RBL Bank World Safari Credit Card,
Up to 12% Off on Domestic Flights with RBL Bank Credit Card & Credit Card EMI,Hotels,https://www.ixigo.com/offers/rbl-cc-emi-dom-hotel,RBL Bank Platinum Delight Credit Card,
Up to 12% Off on Domestic Flights with RBL Bank Credit Card & Credit Card EMI,Hotels,https://www.ixigo.com/offers/rbl-cc-emi-dom-hotel,RBL Bank Monthly Treats Credit Card,
Up to 12% Off on Domestic Flights with RBL Bank Credit Card & Credit Card EMI,Hotels,https://www.ixigo.com/offers/rbl-cc-emi-dom-hotel,RBL Bank Lazy Pay Credit Card,
Up to 12% Off on Domestic Flights with RBL Bank Credit Card & Credit Card EMI,Hotels,https://www.ixigo.com/offers/rbl-cc-emi-dom-hotel,RBL Bank Icon Credit Card,
Up to 12% Off on Domestic Flights with RBL Bank Credit Card & Credit Card EMI,Hotels,https://www.ixigo.com/offers/rbl-cc-emi-dom-hotel,RBL Bank Paisabazaar Duet Card,
Up to 12% Off on Domestic Flights with RBL Bank Credit Card & Credit Card EMI,Hotels,https://www.ixigo.com/offers/rbl-cc-emi-dom-hotel,RBL Bank MoneyTap Credit Card,
Up to 12% Off on Domestic Flights with RBL Bank Credit Card & Credit Card EMI,Hotels,https://www.ixigo.com/offers/rbl-cc-emi-dom-hotel,RBL Bank Mocash Credit Card,
Up to 12% Off on Domestic Flights with RBL Bank Credit Card & Credit Card EMI,Hotels,https://www.ixigo.com/offers/rbl-cc-emi-dom-hotel,RBL Bank Platinum Classic Credit Card,
Up to 12% Off on Domestic Flights with RBL Bank Credit Card & Credit Card EMI,Hotels,https://www.ixigo.com/offers/rbl-cc-emi-dom-hotel,RBL Bank Platinum Advantage Credit Card,
Up to 12% Off on Domestic Flights with RBL Bank Credit Card & Credit Card EMI,Hotels,https://www.ixigo.com/offers/rbl-cc-emi-dom-hotel,RBL Bank Platinum Plus Visa Credit Card,
Up to 12% Off on Domestic Flights with RBL Bank Credit Card & Credit Card EMI,Hotels,https://www.ixigo.com/offers/rbl-cc-emi-dom-hotel,RBL Bank Platinum ValuePlus MasterCard Credit Card,
Up to 12% Off on Domestic Flights with RBL Bank Credit Card & Credit Card EMI,Hotels,https://www.ixigo.com/offers/rbl-cc-emi-dom-hotel,RBL Bank Novio RuPay Credit Card,
Up to 12% Off on Domestic Flights with RBL Bank Credit Card & Credit Card EMI,Hotels,https://www.ixigo.com/offers/rbl-cc-emi-dom-hotel,RBL Bank Platinum ValuePlus Credit Card,
Up to 12% Off on Domestic Flights with RBL Bank Credit Card & Credit Card EMI,Hotels,https://www.ixigo.com/offers/rbl-cc-emi-dom-hotel,RBL Bank Patanjali Vishisht RuPay Card,
Up to 12% Off on Domestic Flights with RBL Bank Credit Card & Credit Card EMI,Hotels,https://www.ixigo.com/offers/rbl-cc-emi-dom-hotel,RBL Bank Platinum Shopgain Visa Credit Card,
Up to 12% Off on Domestic Flights with RBL Bank Credit Card & Credit Card EMI,Hotels,https://www.ixigo.com/offers/rbl-cc-emi-dom-hotel,RBL Bank Platinum Bonus Credit Card,
Up to 12% Off on Domestic Flights with RBL Bank Credit Card & Credit Card EMI,Hotels,https://www.ixigo.com/offers/rbl-cc-emi-dom-hotel,RBL Bank Platinum ShopSmart MasterCard Credit Card,
Up to 12% Off on Domestic Flights with RBL Bank Credit Card & Credit Card EMI,Hotels,https://www.ixigo.com/offers/rbl-cc-emi-dom-hotel,RBL Bank Binge Credit Card,
Up to 12% Off on Domestic Flights with RBL Bank Credit Card & Credit Card EMI,Hotels,https://www.ixigo.com/offers/rbl-cc-emi-dom-hotel,TVS Credit RBL Bank Gold Mastercard Card,
Up to 12% Off on Domestic Flights with RBL Bank Credit Card & Credit Card EMI,Hotels,https://www.ixigo.com/offers/rbl-cc-emi-dom-hotel,IndianOil RBL Bank Credit Card,
Up to 12% Off on Domestic Flights with RBL Bank Credit Card & Credit Card EMI,Hotels,https://www.ixigo.com/offers/rbl-cc-emi-dom-hotel,RBL Bank MyFirst Credit Card,
Up to 12% Off on Domestic Flights with RBL Bank Credit Card & Credit Card EMI,Hotels,https://www.ixigo.com/offers/rbl-cc-emi-dom-hotel,RBL Bank Platinum ShopDaily Credit Card,
Up to 12% Off on Domestic Flights with RBL Bank Credit Card & Credit Card EMI,Hotels,https://www.ixigo.com/offers/rbl-cc-emi-dom-hotel,RBL Bank Platinum Shopgain  Credit Card,
Up to 12% Off on Domestic Flights with RBL Bank Credit Card & Credit Card EMI,Hotels,https://www.ixigo.com/offers/rbl-cc-emi-dom-hotel,RBL Bank Platinum Edge MasterCard,
Up to 12% Off on Domestic Flights with RBL Bank Credit Card & Credit Card EMI,Hotels,https://www.ixigo.com/offers/rbl-cc-emi-dom-hotel,RBL Bank MyFirst Mastercard Credit Card,
Up to 12% Off on Domestic Flights with RBL Bank Credit Card & Credit Card EMI,Hotels,https://www.ixigo.com/offers/rbl-cc-emi-dom-hotel,RBL Bank Platinum Choice Visa Credit Card,
Up to 12% Off on Domestic Flights with RBL Bank Credit Card & Credit Card EMI,Hotels,https://www.ixigo.com/offers/rbl-cc-emi-dom-hotel,RBL Bank EasySaver Visa Credit Card,
Up to 12% Off on Domestic Flights with RBL Bank Credit Card & Credit Card EMI,Hotels,https://www.ixigo.com/offers/rbl-cc-emi-dom-hotel,RBL Bank Play Credit Card,
Up to 12% Off on Domestic Flights with RBL Bank Credit Card & Credit Card EMI,Hotels,https://www.ixigo.com/offers/rbl-cc-emi-dom-hotel,IRCTC RBL Bank Credit Card,
Up to 12% Off on Domestic Flights with RBL Bank Credit Card & Credit Card EMI,Hotels,https://www.ixigo.com/offers/rbl-cc-emi-dom-hotel,TVS Credit RBL Bank Card,
Up to 12% Off on Domestic Flights with RBL Bank Credit Card & Credit Card EMI,Hotels,https://www.ixigo.com/offers/rbl-cc-emi-dom-hotel,RBL Bank SalarySe Up RuPay Credit Card,
Up to 12% Off on Domestic Flights with RBL Bank Credit Card & Credit Card EMI,Hotels,https://www.ixigo.com/offers/rbl-cc-emi-dom-hotel,RBL Bank EasySaver Credit Card,
Up to 12% Off on Domestic Flights with RBL Bank Credit Card & Credit Card EMI,Hotels,https://www.ixigo.com/offers/rbl-cc-emi-dom-hotel,RBL Bank Binge MasterCard Credit Card,
Up to 12% Off on Domestic Flights with RBL Bank Credit Card & Credit Card EMI,Hotels,https://www.ixigo.com/offers/rbl-cc-emi-dom-hotel,RBL Bank World Prime Visa Credit Card,
Up to 12% Off on Domestic Flights with RBL Bank Credit Card & Credit Card EMI,Hotels,https://www.ixigo.com/offers/rbl-cc-emi-dom-hotel,RBL Bank Platinum Plus Credit Card,
Up to 12% Off on Domestic Flights with RBL Bank Credit Card & Credit Card EMI,Hotels,https://www.ixigo.com/offers/rbl-cc-emi-dom-hotel,RBL Bank World Max Credit Card,
Up to 12% Off on Domestic Flights with RBL Bank Credit Card & Credit Card EMI,Hotels,https://www.ixigo.com/offers/rbl-cc-emi-dom-hotel,IndianOil RBL Bank XTRA RuPay Credit Card,
Up to 12% Off on Domestic Flights with RBL Bank Credit Card & Credit Card EMI,Hotels,https://www.ixigo.com/offers/rbl-cc-emi-dom-hotel,IndianOil RBL Bank RuPay Credit Card,
Up to 12% Off on Domestic Flights with RBL Bank Credit Card & Credit Card EMI,Hotels,https://www.ixigo.com/offers/rbl-cc-emi-dom-hotel,RBL Bank World Prime Credit Card,
Up to 12% Off on Domestic Flights with RBL Bank Credit Card & Credit Card EMI,Hotels,https://www.ixigo.com/offers/rbl-cc-emi-dom-hotel,RBL Bank Platinum ShopDaily Visa Credit Card,
Up to 12% Off on Domestic Flights with RBL Bank Credit Card & Credit Card EMI,Hotels,https://www.ixigo.com/offers/rbl-cc-emi-dom-hotel,RBL Bank Patanjali Swarn RuPay Card,
Up to 12% Off on Domestic Flights with RBL Bank Credit Card & Credit Card EMI,Hotels,https://www.ixigo.com/offers/rbl-cc-emi-dom-hotel,RBL Bank Platinum Prime Credit Card,
Up to 12% Off on Domestic Flights with RBL Bank Credit Card & Credit Card EMI,Hotels,https://www.ixigo.com/offers/rbl-cc-emi-dom-hotel,RBL Bank World Max MasterCard Credit Card,
Up to 12% Off on Domestic Flights with RBL Bank Credit Card & Credit Card EMI,Hotels,https://www.ixigo.com/offers/rbl-cc-emi-dom-hotel,RBL Bank Platinum Choice Credit Card,
Up to 12% Off on Domestic Flights with RBL Bank Credit Card & Credit Card EMI,Hotels,https://www.ixigo.com/offers/rbl-cc-emi-dom-hotel,RBL Bank Platinum Shopsmart Credit Card,
Up to 12% Off on Domestic Flights with RBL Bank Credit Card & Credit Card EMI,Hotels,https://www.ixigo.com/offers/rbl-cc-emi-dom-hotel,RBL Bank World Plus MasterCard Credit Card,
Up to 12% Off on Domestic Flights with RBL Bank Credit Card & Credit Card EMI,Hotels,https://www.ixigo.com/offers/rbl-cc-emi-dom-hotel,RBL Bank World Plus Credit Card,
Up to 12% Off on Domestic Flights with RBL Bank Credit Card & Credit Card EMI,Hotels,https://www.ixigo.com/offers/rbl-cc-emi-dom-hotel,Indianoil RBL Bank Xtra Credit Card,
Up to 12% Off on Domestic Flights with RBL Bank Credit Card & Credit Card EMI,Hotels,https://www.ixigo.com/offers/rbl-cc-emi-dom-hotel,RBL Bank DMI Finance Credit Card,
Up to 12% Off on Domestic Flights with RBL Bank Credit Card & Credit Card EMI,Hotels,https://www.ixigo.com/offers/rbl-cc-emi-dom-hotel,RBL Bank Platinum TravelEasy Visa Credit Card,
Up to 12% Off on Domestic Flights with RBL Bank Credit Card & Credit Card EMI,Hotels,https://www.ixigo.com/offers/rbl-cc-emi-dom-hotel,RBL Bank Platinum LifeEasy Visa Credit Card,
Up to 12% Off on Domestic Flights with RBL Bank Credit Card & Credit Card EMI,Hotels,https://www.ixigo.com/offers/rbl-cc-emi-dom-hotel,RBL Bank Platinum TravelEasy Credit Card,
Up to 12% Off on Domestic Flights with RBL Bank Credit Card & Credit Card EMI,Hotels,https://www.ixigo.com/offers/rbl-cc-emi-dom-hotel,RBL Bank Platinum Edge Credit Card,
Up to 12% Off on Domestic Flights with RBL Bank Credit Card & Credit Card EMI,Hotels,https://www.ixigo.com/offers/rbl-cc-emi-dom-hotel,RBL Bank Platinum LifeEasy Credit Card,
Flat 10% Off on International Hotels with RBL Bank Credit Cards and Credit Card EMI,Hotels,https://www.ixigo.com/offers/rbl-cc-int-hotel,RBL Bank VCard,
Flat 10% Off on International Hotels with RBL Bank Credit Cards and Credit Card EMI,Hotels,https://www.ixigo.com/offers/rbl-cc-int-hotel,RBL Bank Cookie Credit Card,
Flat 10% Off on International Hotels with RBL Bank Credit Cards and Credit Card EMI,Hotels,https://www.ixigo.com/offers/rbl-cc-int-hotel,RBL Bank Shoprite Credit Card,
Flat 10% Off on International Hotels with RBL Bank Credit Cards and Credit Card EMI,Hotels,https://www.ixigo.com/offers/rbl-cc-int-hotel,RBL Platinum Maxima Plus Card,
Flat 10% Off on International Hotels with RBL Bank Credit Cards and Credit Card EMI,Hotels,https://www.ixigo.com/offers/rbl-cc-int-hotel,RBL Bank MoneyTap Black Card,
Flat 10% Off on International Hotels with RBL Bank Credit Cards and Credit Card EMI,Hotels,https://www.ixigo.com/offers/rbl-cc-int-hotel,RBL Bank Platinum Maxima Credit Card,
Flat 10% Off on International Hotels with RBL Bank Credit Cards and Credit Card EMI,Hotels,https://www.ixigo.com/offers/rbl-cc-int-hotel,RBL Bank Movies and More Credit Card,
Flat 10% Off on International Hotels with RBL Bank Credit Cards and Credit Card EMI,Hotels,https://www.ixigo.com/offers/rbl-cc-int-hotel,RBL Bank Paisabazaar Duet Plus Card,
Flat 10% Off on International Hotels with RBL Bank Credit Cards and Credit Card EMI,Hotels,https://www.ixigo.com/offers/rbl-cc-int-hotel,RBL Bank Bankbazaar Savemax Pro Credit Card,
Flat 10% Off on International Hotels with RBL Bank Credit Cards and Credit Card EMI,Hotels,https://www.ixigo.com/offers/rbl-cc-int-hotel,RBL Bank Bankbazaar Savemax Credit Card,
Flat 10% Off on International Hotels with RBL Bank Credit Cards and Credit Card EMI,Hotels,https://www.ixigo.com/offers/rbl-cc-int-hotel,RBL Bank iGlobe Credit Card,
Flat 10% Off on International Hotels with RBL Bank Credit Cards and Credit Card EMI,Hotels,https://www.ixigo.com/offers/rbl-cc-int-hotel,RBL Bank Insignia Preferred Banking Card,
Flat 10% Off on International Hotels with RBL Bank Credit Cards and Credit Card EMI,Hotels,https://www.ixigo.com/offers/rbl-cc-int-hotel,RBL Bank Play Credit Card,
Flat 10% Off on International Hotels with RBL Bank Credit Cards and Credit Card EMI,Hotels,https://www.ixigo.com/offers/rbl-cc-int-hotel,RBL Bank World Safari Credit Card,
Flat 10% Off on International Hotels with RBL Bank Credit Cards and Credit Card EMI,Hotels,https://www.ixigo.com/offers/rbl-cc-int-hotel,RBL Bank Platinum Delight Credit Card,
Flat 10% Off on International Hotels with RBL Bank Credit Cards and Credit Card EMI,Hotels,https://www.ixigo.com/offers/rbl-cc-int-hotel,RBL Bank Monthly Treats Credit Card,
Flat 10% Off on International Hotels with RBL Bank Credit Cards and Credit Card EMI,Hotels,https://www.ixigo.com/offers/rbl-cc-int-hotel,RBL Bank Lazy Pay Credit Card,
Flat 10% Off on International Hotels with RBL Bank Credit Cards and Credit Card EMI,Hotels,https://www.ixigo.com/offers/rbl-cc-int-hotel,RBL Bank Icon Credit Card,
Flat 10% Off on International Hotels with RBL Bank Credit Cards and Credit Card EMI,Hotels,https://www.ixigo.com/offers/rbl-cc-int-hotel,RBL Bank Paisabazaar Duet Card,
Flat 10% Off on International Hotels with RBL Bank Credit Cards and Credit Card EMI,Hotels,https://www.ixigo.com/offers/rbl-cc-int-hotel,RBL Bank MoneyTap Credit Card,
Flat 10% Off on International Hotels with RBL Bank Credit Cards and Credit Card EMI,Hotels,https://www.ixigo.com/offers/rbl-cc-int-hotel,RBL Bank Mocash Credit Card,
Flat 10% Off on International Hotels with RBL Bank Credit Cards and Credit Card EMI,Hotels,https://www.ixigo.com/offers/rbl-cc-int-hotel,RBL Bank Platinum Classic Credit Card,
Flat 10% Off on International Hotels with RBL Bank Credit Cards and Credit Card EMI,Hotels,https://www.ixigo.com/offers/rbl-cc-int-hotel,RBL Bank Platinum Advantage Credit Card,
Flat 10% Off on International Hotels with RBL Bank Credit Cards and Credit Card EMI,Hotels,https://www.ixigo.com/offers/rbl-cc-int-hotel,RBL Bank Platinum Plus Visa Credit Card,
Flat 10% Off on International Hotels with RBL Bank Credit Cards and Credit Card EMI,Hotels,https://www.ixigo.com/offers/rbl-cc-int-hotel,RBL Bank Platinum ValuePlus MasterCard Credit Card,
Flat 10% Off on International Hotels with RBL Bank Credit Cards and Credit Card EMI,Hotels,https://www.ixigo.com/offers/rbl-cc-int-hotel,RBL Bank Novio RuPay Credit Card,
Flat 10% Off on International Hotels with RBL Bank Credit Cards and Credit Card EMI,Hotels,https://www.ixigo.com/offers/rbl-cc-int-hotel,RBL Bank Platinum ValuePlus Credit Card,
Flat 10% Off on International Hotels with RBL Bank Credit Cards and Credit Card EMI,Hotels,https://www.ixigo.com/offers/rbl-cc-int-hotel,RBL Bank Patanjali Vishisht RuPay Card,
Flat 10% Off on International Hotels with RBL Bank Credit Cards and Credit Card EMI,Hotels,https://www.ixigo.com/offers/rbl-cc-int-hotel,RBL Bank Platinum Shopgain Visa Credit Card,
Flat 10% Off on International Hotels with RBL Bank Credit Cards and Credit Card EMI,Hotels,https://www.ixigo.com/offers/rbl-cc-int-hotel,RBL Bank Platinum Bonus Credit Card,
Flat 10% Off on International Hotels with RBL Bank Credit Cards and Credit Card EMI,Hotels,https://www.ixigo.com/offers/rbl-cc-int-hotel,RBL Bank Platinum ShopSmart MasterCard Credit Card,
Flat 10% Off on International Hotels with RBL Bank Credit Cards and Credit Card EMI,Hotels,https://www.ixigo.com/offers/rbl-cc-int-hotel,RBL Bank Binge Credit Card,
Flat 10% Off on International Hotels with RBL Bank Credit Cards and Credit Card EMI,Hotels,https://www.ixigo.com/offers/rbl-cc-int-hotel,TVS Credit RBL Bank Gold Mastercard Card,
Flat 10% Off on International Hotels with RBL Bank Credit Cards and Credit Card EMI,Hotels,https://www.ixigo.com/offers/rbl-cc-int-hotel,IndianOil RBL Bank Credit Card,
Flat 10% Off on International Hotels with RBL Bank Credit Cards and Credit Card EMI,Hotels,https://www.ixigo.com/offers/rbl-cc-int-hotel,RBL Bank MyFirst Credit Card,
Flat 10% Off on International Hotels with RBL Bank Credit Cards and Credit Card EMI,Hotels,https://www.ixigo.com/offers/rbl-cc-int-hotel,RBL Bank Platinum ShopDaily Credit Card,
Flat 10% Off on International Hotels with RBL Bank Credit Cards and Credit Card EMI,Hotels,https://www.ixigo.com/offers/rbl-cc-int-hotel,RBL Bank Platinum Shopgain  Credit Card,
Flat 10% Off on International Hotels with RBL Bank Credit Cards and Credit Card EMI,Hotels,https://www.ixigo.com/offers/rbl-cc-int-hotel,RBL Bank Platinum Edge MasterCard,
Flat 10% Off on International Hotels with RBL Bank Credit Cards and Credit Card EMI,Hotels,https://www.ixigo.com/offers/rbl-cc-int-hotel,RBL Bank MyFirst Mastercard Credit Card,
Flat 10% Off on International Hotels with RBL Bank Credit Cards and Credit Card EMI,Hotels,https://www.ixigo.com/offers/rbl-cc-int-hotel,RBL Bank Platinum Choice Visa Credit Card,
Flat 10% Off on International Hotels with RBL Bank Credit Cards and Credit Card EMI,Hotels,https://www.ixigo.com/offers/rbl-cc-int-hotel,RBL Bank EasySaver Visa Credit Card,
Flat 10% Off on International Hotels with RBL Bank Credit Cards and Credit Card EMI,Hotels,https://www.ixigo.com/offers/rbl-cc-int-hotel,RBL Bank Play Credit Card,
Flat 10% Off on International Hotels with RBL Bank Credit Cards and Credit Card EMI,Hotels,https://www.ixigo.com/offers/rbl-cc-int-hotel,IRCTC RBL Bank Credit Card,
Flat 10% Off on International Hotels with RBL Bank Credit Cards and Credit Card EMI,Hotels,https://www.ixigo.com/offers/rbl-cc-int-hotel,TVS Credit RBL Bank Card,
Flat 10% Off on International Hotels with RBL Bank Credit Cards and Credit Card EMI,Hotels,https://www.ixigo.com/offers/rbl-cc-int-hotel,RBL Bank SalarySe Up RuPay Credit Card,
Flat 10% Off on International Hotels with RBL Bank Credit Cards and Credit Card EMI,Hotels,https://www.ixigo.com/offers/rbl-cc-int-hotel,RBL Bank EasySaver Credit Card,
Flat 10% Off on International Hotels with RBL Bank Credit Cards and Credit Card EMI,Hotels,https://www.ixigo.com/offers/rbl-cc-int-hotel,RBL Bank Binge MasterCard Credit Card,
Flat 10% Off on International Hotels with RBL Bank Credit Cards and Credit Card EMI,Hotels,https://www.ixigo.com/offers/rbl-cc-int-hotel,RBL Bank World Prime Visa Credit Card,
Flat 10% Off on International Hotels with RBL Bank Credit Cards and Credit Card EMI,Hotels,https://www.ixigo.com/offers/rbl-cc-int-hotel,RBL Bank Platinum Plus Credit Card,
Flat 10% Off on International Hotels with RBL Bank Credit Cards and Credit Card EMI,Hotels,https://www.ixigo.com/offers/rbl-cc-int-hotel,RBL Bank World Max Credit Card,
Flat 10% Off on International Hotels with RBL Bank Credit Cards and Credit Card EMI,Hotels,https://www.ixigo.com/offers/rbl-cc-int-hotel,IndianOil RBL Bank XTRA RuPay Credit Card,
Flat 10% Off on International Hotels with RBL Bank Credit Cards and Credit Card EMI,Hotels,https://www.ixigo.com/offers/rbl-cc-int-hotel,IndianOil RBL Bank RuPay Credit Card,
Flat 10% Off on International Hotels with RBL Bank Credit Cards and Credit Card EMI,Hotels,https://www.ixigo.com/offers/rbl-cc-int-hotel,RBL Bank World Prime Credit Card,
Flat 10% Off on International Hotels with RBL Bank Credit Cards and Credit Card EMI,Hotels,https://www.ixigo.com/offers/rbl-cc-int-hotel,RBL Bank Platinum ShopDaily Visa Credit Card,
Flat 10% Off on International Hotels with RBL Bank Credit Cards and Credit Card EMI,Hotels,https://www.ixigo.com/offers/rbl-cc-int-hotel,RBL Bank Patanjali Swarn RuPay Card,
Flat 10% Off on International Hotels with RBL Bank Credit Cards and Credit Card EMI,Hotels,https://www.ixigo.com/offers/rbl-cc-int-hotel,RBL Bank Platinum Prime Credit Card,
Flat 10% Off on International Hotels with RBL Bank Credit Cards and Credit Card EMI,Hotels,https://www.ixigo.com/offers/rbl-cc-int-hotel,RBL Bank World Max MasterCard Credit Card,
Flat 10% Off on International Hotels with RBL Bank Credit Cards and Credit Card EMI,Hotels,https://www.ixigo.com/offers/rbl-cc-int-hotel,RBL Bank Platinum Choice Credit Card,
Flat 10% Off on International Hotels with RBL Bank Credit Cards and Credit Card EMI,Hotels,https://www.ixigo.com/offers/rbl-cc-int-hotel,RBL Bank Platinum Shopsmart Credit Card,
Flat 10% Off on International Hotels with RBL Bank Credit Cards and Credit Card EMI,Hotels,https://www.ixigo.com/offers/rbl-cc-int-hotel,RBL Bank World Plus MasterCard Credit Card,
Flat 10% Off on International Hotels with RBL Bank Credit Cards and Credit Card EMI,Hotels,https://www.ixigo.com/offers/rbl-cc-int-hotel,RBL Bank World Plus Credit Card,
Flat 10% Off on International Hotels with RBL Bank Credit Cards and Credit Card EMI,Hotels,https://www.ixigo.com/offers/rbl-cc-int-hotel,Indianoil RBL Bank Xtra Credit Card,
Flat 10% Off on International Hotels with RBL Bank Credit Cards and Credit Card EMI,Hotels,https://www.ixigo.com/offers/rbl-cc-int-hotel,RBL Bank DMI Finance Credit Card,
Flat 10% Off on International Hotels with RBL Bank Credit Cards and Credit Card EMI,Hotels,https://www.ixigo.com/offers/rbl-cc-int-hotel,RBL Bank Platinum TravelEasy Visa Credit Card,
Flat 10% Off on International Hotels with RBL Bank Credit Cards and Credit Card EMI,Hotels,https://www.ixigo.com/offers/rbl-cc-int-hotel,RBL Bank Platinum LifeEasy Visa Credit Card,
Flat 10% Off on International Hotels with RBL Bank Credit Cards and Credit Card EMI,Hotels,https://www.ixigo.com/offers/rbl-cc-int-hotel,RBL Bank Platinum TravelEasy Credit Card,
Flat 10% Off on International Hotels with RBL Bank Credit Cards and Credit Card EMI,Hotels,https://www.ixigo.com/offers/rbl-cc-int-hotel,RBL Bank Platinum Edge Credit Card,
Flat 10% Off on International Hotels with RBL Bank Credit Cards and Credit Card EMI,Hotels,https://www.ixigo.com/offers/rbl-cc-int-hotel,RBL Bank Platinum LifeEasy Credit Card,
Get Flat 10% Off on Hotel Bookings with ixigo AU Credit Card,Hotels,https://www.ixigo.com/offers/ccstay,Ixigo AU Travel Credit Card,
,,,,
,,,,
,,,,
,,,,
,,,,
,,,,
,,,,
,,,,
,,,,
,,,,
,,,,
,,,,
,,,,
,,,,
,,,,
,,,,
,,,,
,,,,
,,,,
,,,,
,,,,
,,,,
,,,,
,,,,
,,,,
,,,,
,,,,
,,,,
,,,,
,,,,
,,,,
,,,,
,,,,
,,,,
,,,,
,,,,
,,,,
,,,,
,,,,
,,,,
,,,,
,,,,
,,,,
,,,,
,,,,
,,,,
,,,,
"Flat 15% Off on Domestic Hotels with Federal Bank Credit Cards EMI
",Hotels,https://www.ixigo.com/offers/federal-hotelsemidom,Fed Starbiz Rupay Credit Card,
"Flat 15% Off on Domestic Hotels with Federal Bank Credit Cards EMI
",Hotels,https://www.ixigo.com/offers/federal-hotelsemidom,Federal Bank Mastercard Signet,
"Flat 15% Off on Domestic Hotels with Federal Bank Credit Cards EMI
",Hotels,https://www.ixigo.com/offers/federal-hotelsemidom,Federal Bank MagniFi Credit Card,
"Flat 15% Off on Domestic Hotels with Federal Bank Credit Cards EMI
",Hotels,https://www.ixigo.com/offers/federal-hotelsemidom,Federal Bank AmpliFi Credit Card,
"Flat 15% Off on Domestic Hotels with Federal Bank Credit Cards EMI
",Hotels,https://www.ixigo.com/offers/federal-hotelsemidom,Federal Bank Rupay Wave Credit Card,
"Flat 15% Off on Domestic Hotels with Federal Bank Credit Cards EMI
",Hotels,https://www.ixigo.com/offers/federal-hotelsemidom,Federal Bank Rupay Signet Credit Card,
"Flat 15% Off on Domestic Hotels with Federal Bank Credit Cards EMI
",Hotels,https://www.ixigo.com/offers/federal-hotelsemidom,Federal Bank Scapia Credit Card,
"Flat 15% Off on Domestic Hotels with Federal Bank Credit Cards EMI
",Hotels,https://www.ixigo.com/offers/federal-hotelsemidom,Federal Bank Visa Celesta,
"Flat 15% Off on Domestic Hotels with Federal Bank Credit Cards EMI
",Hotels,https://www.ixigo.com/offers/federal-hotelsemidom,Federal Bank Visa Imperio,
"Up to 1500 Off On Domestic Hotels with OneCard Credit Card+Interest Free EMI
",Hotels,https://www.ixigo.com/offers/onecardht,SBM Onecard Credit Card,
"Up to 1500 Off On Domestic Hotels with OneCard Credit Card+Interest Free EMI
",Hotels,https://www.ixigo.com/offers/onecardht,SIB Onecard Credit Card,
"Up to 1500 Off On Domestic Hotels with OneCard Credit Card+Interest Free EMI
",Hotels,https://www.ixigo.com/offers/onecardht,CSB Onecard Credit Card,
"Get up to 10000 Off on International Hotels with ICICI Bank Credit Card EMI
",Hotels,https://www.ixigo.com/offers/icici-emi-sale-hotel-intl,ICICI Bank Rubyx RuPay Credit Card,
"Get up to 10000 Off on International Hotels with ICICI Bank Credit Card EMI
",Hotels,https://www.ixigo.com/offers/icici-emi-sale-hotel-intl,ICICI Bank Coral RuPay Credit Card,
"Get up to 10000 Off on International Hotels with ICICI Bank Credit Card EMI
",Hotels,https://www.ixigo.com/offers/icici-emi-sale-hotel-intl,ICICI Bank HPCL Super Saver RuPay Credit Card,
"Get up to 10000 Off on International Hotels with ICICI Bank Credit Card EMI
",Hotels,https://www.ixigo.com/offers/icici-emi-sale-hotel-intl,ICICI Bank Instant Platinum Credit Card,
"Get up to 10000 Off on International Hotels with ICICI Bank Credit Card EMI
",Hotels,https://www.ixigo.com/offers/icici-emi-sale-hotel-intl,ICICI Bank Sapphiro Credit Card,
"Get up to 10000 Off on International Hotels with ICICI Bank Credit Card EMI
",Hotels,https://www.ixigo.com/offers/icici-emi-sale-hotel-intl,ICICI Bank HPCL Super Saver Credit Card,
"Get up to 10000 Off on International Hotels with ICICI Bank Credit Card EMI
",Hotels,https://www.ixigo.com/offers/icici-emi-sale-hotel-intl,Accelero ICICI Bank Credit Card,
"Get up to 10000 Off on International Hotels with ICICI Bank Credit Card EMI
",Hotels,https://www.ixigo.com/offers/icici-emi-sale-hotel-intl,ICICI Bank Manchester United Platinum Credit Card,
"Get up to 10000 Off on International Hotels with ICICI Bank Credit Card EMI
",Hotels,https://www.ixigo.com/offers/icici-emi-sale-hotel-intl,Amazon Pay ICICI Bank Credit Card,
"Get up to 10000 Off on International Hotels with ICICI Bank Credit Card EMI
",Hotels,https://www.ixigo.com/offers/icici-emi-sale-hotel-intl,ICICI Bank Rubyx Credit Card,
"Get up to 10000 Off on International Hotels with ICICI Bank Credit Card EMI
",Hotels,https://www.ixigo.com/offers/icici-emi-sale-hotel-intl,Adani One ICICI Platinum Credit Card,
"Get up to 10000 Off on International Hotels with ICICI Bank Credit Card EMI
",Hotels,https://www.ixigo.com/offers/icici-emi-sale-hotel-intl,ICICI Bank Manchester United Signature Credit Card,
"Get up to 10000 Off on International Hotels with ICICI Bank Credit Card EMI
",Hotels,https://www.ixigo.com/offers/icici-emi-sale-hotel-intl,ICICI Bank Expressions Credit Card,
"Get up to 10000 Off on International Hotels with ICICI Bank Credit Card EMI
",Hotels,https://www.ixigo.com/offers/icici-emi-sale-hotel-intl,ICICI Parakram Credit Card,
"Get up to 10000 Off on International Hotels with ICICI Bank Credit Card EMI
",Hotels,https://www.ixigo.com/offers/icici-emi-sale-hotel-intl,ICICI Bank Times Black Credit Card,
"Get up to 10000 Off on International Hotels with ICICI Bank Credit Card EMI
",Hotels,https://www.ixigo.com/offers/icici-emi-sale-hotel-intl,Adani One ICICI Signature Credit Card,
"Get up to 10000 Off on International Hotels with ICICI Bank Credit Card EMI
",Hotels,https://www.ixigo.com/offers/icici-emi-sale-hotel-intl,Chennai Super Kings ICICI Bank Credit Card,
"Get up to 10000 Off on International Hotels with ICICI Bank Credit Card EMI
",Hotels,https://www.ixigo.com/offers/icici-emi-sale-hotel-intl,ICICI HPCL Coral Credit Card,
"Get up to 10000 Off on International Hotels with ICICI Bank Credit Card EMI
",Hotels,https://www.ixigo.com/offers/icici-emi-sale-hotel-intl,ICICI Bank Coral Credit Card,
"Get up to 10000 Off on International Hotels with ICICI Bank Credit Card EMI
",Hotels,https://www.ixigo.com/offers/icici-emi-sale-hotel-intl,ICICI Bank Emeralde Credit Card,
"Get up to 10000 Off on International Hotels with ICICI Bank Credit Card EMI
",Hotels,https://www.ixigo.com/offers/icici-emi-sale-hotel-intl,ICICI Parakram Select Credit Card,
"Get up to 10000 Off on International Hotels with ICICI Bank Credit Card EMI
",Hotels,https://www.ixigo.com/offers/icici-emi-sale-hotel-intl,Emirates Skywards Rubyx Credit Card,
"Get up to 10000 Off on International Hotels with ICICI Bank Credit Card EMI
",Hotels,https://www.ixigo.com/offers/icici-emi-sale-hotel-intl,ICICI Bank Credit Card,
"Get up to 10000 Off on International Hotels with ICICI Bank Credit Card EMI
",Hotels,https://www.ixigo.com/offers/icici-emi-sale-hotel-intl,MakeMyTrip ICICI Bank Platinum Credit Card,
"Get up to 10000 Off on International Hotels with ICICI Bank Credit Card EMI
",Hotels,https://www.ixigo.com/offers/icici-emi-sale-hotel-intl,MakeMyTrip ICICI Bank Credit Card,
"Get up to 10000 Off on International Hotels with ICICI Bank Credit Card EMI
",Hotels,https://www.ixigo.com/offers/icici-emi-sale-hotel-intl,ICICI Bank Platinum Chip Credit Card,
"Get up to 10000 Off on International Hotels with ICICI Bank Credit Card EMI
",Hotels,https://www.ixigo.com/offers/icici-emi-sale-hotel-intl,Makemytrip ICICI Bank Signature Credit Card,
"Get up to 10000 Off on International Hotels with ICICI Bank Credit Card EMI
",Hotels,https://www.ixigo.com/offers/icici-emi-sale-hotel-intl,Emirates Skywards ICICI Bank Emerald Credit Card,
Flat 10% Off on International Hotels with Federal Bank Credit Cards EMI,Hotels,https://www.ixigo.com/offers/federal-hotelsemiint,Fed Starbiz Rupay Credit Card,
Flat 10% Off on International Hotels with Federal Bank Credit Cards EMI,Hotels,https://www.ixigo.com/offers/federal-hotelsemiint,Federal Bank Mastercard Signet,
Flat 10% Off on International Hotels with Federal Bank Credit Cards EMI,Hotels,https://www.ixigo.com/offers/federal-hotelsemiint,Federal Bank MagniFi Credit Card,
Flat 10% Off on International Hotels with Federal Bank Credit Cards EMI,Hotels,https://www.ixigo.com/offers/federal-hotelsemiint,Federal Bank AmpliFi Credit Card,
Flat 10% Off on International Hotels with Federal Bank Credit Cards EMI,Hotels,https://www.ixigo.com/offers/federal-hotelsemiint,Federal Bank Rupay Wave Credit Card,
Flat 10% Off on International Hotels with Federal Bank Credit Cards EMI,Hotels,https://www.ixigo.com/offers/federal-hotelsemiint,Federal Bank Rupay Signet Credit Card,
Flat 10% Off on International Hotels with Federal Bank Credit Cards EMI,Hotels,https://www.ixigo.com/offers/federal-hotelsemiint,Federal Bank Scapia Credit Card,
Flat 10% Off on International Hotels with Federal Bank Credit Cards EMI,Hotels,https://www.ixigo.com/offers/federal-hotelsemiint,Federal Bank Visa Celesta,
Flat 10% Off on International Hotels with Federal Bank Credit Cards EMI,Hotels,https://www.ixigo.com/offers/federal-hotelsemiint,Federal Bank Visa Imperio,
"Get Flat 10% Off On International Hotels with AU Bank Credit Card EMI
",Hotels,https://www.ixigo.com/offers/au-intl-emi,AU Altura Credit Card,
"Get Flat 10% Off On International Hotels with AU Bank Credit Card EMI
",Hotels,https://www.ixigo.com/offers/au-intl-emi,AU Bank Zenith+ Credit Card,
"Get Flat 10% Off On International Hotels with AU Bank Credit Card EMI
",Hotels,https://www.ixigo.com/offers/au-intl-emi,AU Vetta Credit Card,
"Get Flat 10% Off On International Hotels with AU Bank Credit Card EMI
",Hotels,https://www.ixigo.com/offers/au-intl-emi,AU Bank InstaPay Credit Card,
"Get Flat 10% Off On International Hotels with AU Bank Credit Card EMI
",Hotels,https://www.ixigo.com/offers/au-intl-emi,AU Bank Altura Plus Credit Card,
"Get Flat 10% Off On International Hotels with AU Bank Credit Card EMI
",Hotels,https://www.ixigo.com/offers/au-intl-emi,AU Zenith Credit Card,
"Get Flat 10% Off On International Hotels with AU Bank Credit Card EMI
",Hotels,https://www.ixigo.com/offers/au-intl-emi,Ixigo AU Travel Credit Card,
"Get Flat 10% Off On International Hotels with AU Bank Credit Card EMI
",Hotels,https://www.ixigo.com/offers/au-intl-emi,AU LIT Credit Card,
"Get up to 5000 Off On International Hotels with OneCard Credit Card + Interest Free EMI
",Hotels,https://www.ixigo.com/offers/oneemi-int,SBM Onecard Credit Card,
"Get up to 5000 Off On International Hotels with OneCard Credit Card + Interest Free EMI
",Hotels,https://www.ixigo.com/offers/oneemi-int,SIB Onecard Credit Card,
"Get up to 5000 Off On International Hotels with OneCard Credit Card + Interest Free EMI
",Hotels,https://www.ixigo.com/offers/oneemi-int,CSB Onecard Credit Card,
"Get Flat 12% Off On Domestic Hotels with AU Bank Credit Card EMI
",Hotels,https://www.ixigo.com/offers/au-bank-emi-hotel,AU Altura Credit Card,
"Get Flat 12% Off On Domestic Hotels with AU Bank Credit Card EMI
",Hotels,https://www.ixigo.com/offers/au-bank-emi-hotel,AU Bank Zenith+ Credit Card,
"Get Flat 12% Off On Domestic Hotels with AU Bank Credit Card EMI
",Hotels,https://www.ixigo.com/offers/au-bank-emi-hotel,AU Vetta Credit Card,
"Get Flat 12% Off On Domestic Hotels with AU Bank Credit Card EMI
",Hotels,https://www.ixigo.com/offers/au-bank-emi-hotel,AU Bank InstaPay Credit Card,
"Get Flat 12% Off On Domestic Hotels with AU Bank Credit Card EMI
",Hotels,https://www.ixigo.com/offers/au-bank-emi-hotel,AU Bank Altura Plus Credit Card,
"Get Flat 12% Off On Domestic Hotels with AU Bank Credit Card EMI
",Hotels,https://www.ixigo.com/offers/au-bank-emi-hotel,AU Zenith Credit Card,
"Get Flat 12% Off On Domestic Hotels with AU Bank Credit Card EMI
",Hotels,https://www.ixigo.com/offers/au-bank-emi-hotel,Ixigo AU Travel Credit Card,
"Get Flat 12% Off On Domestic Hotels with AU Bank Credit Card EMI
",Hotels,https://www.ixigo.com/offers/au-bank-emi-hotel,AU LIT Credit Card,
Get up to ??7500 Off on International Hotels with ICICI Bank Credit Card EMI,Hotels,https://www.ixigo.com/offers/icici_hotels,ICICI Bank Rubyx RuPay Credit Card,
Get up to ??7500 Off on International Hotels with ICICI Bank Credit Card EMI,Hotels,https://www.ixigo.com/offers/icici_hotels,ICICI Bank Coral RuPay Credit Card,
Get up to ??7500 Off on International Hotels with ICICI Bank Credit Card EMI,Hotels,https://www.ixigo.com/offers/icici_hotels,ICICI Bank HPCL Super Saver RuPay Credit Card,
Get up to ??7500 Off on International Hotels with ICICI Bank Credit Card EMI,Hotels,https://www.ixigo.com/offers/icici_hotels,ICICI Bank Instant Platinum Credit Card,
Get up to ??7500 Off on International Hotels with ICICI Bank Credit Card EMI,Hotels,https://www.ixigo.com/offers/icici_hotels,ICICI Bank Sapphiro Credit Card,
Get up to ??7500 Off on International Hotels with ICICI Bank Credit Card EMI,Hotels,https://www.ixigo.com/offers/icici_hotels,ICICI Bank HPCL Super Saver Credit Card,
Get up to ??7500 Off on International Hotels with ICICI Bank Credit Card EMI,Hotels,https://www.ixigo.com/offers/icici_hotels,Accelero ICICI Bank Credit Card,
Get up to ??7500 Off on International Hotels with ICICI Bank Credit Card EMI,Hotels,https://www.ixigo.com/offers/icici_hotels,ICICI Bank Manchester United Platinum Credit Card,
Get up to ??7500 Off on International Hotels with ICICI Bank Credit Card EMI,Hotels,https://www.ixigo.com/offers/icici_hotels,ICICI Bank Rubyx Credit Card,
Get up to ??7500 Off on International Hotels with ICICI Bank Credit Card EMI,Hotels,https://www.ixigo.com/offers/icici_hotels,Adani One ICICI Platinum Credit Card,
Get up to ??7500 Off on International Hotels with ICICI Bank Credit Card EMI,Hotels,https://www.ixigo.com/offers/icici_hotels,ICICI Bank Manchester United Signature Credit Card,
Get up to ??7500 Off on International Hotels with ICICI Bank Credit Card EMI,Hotels,https://www.ixigo.com/offers/icici_hotels,ICICI Bank Expressions Credit Card,
Get up to ??7500 Off on International Hotels with ICICI Bank Credit Card EMI,Hotels,https://www.ixigo.com/offers/icici_hotels,ICICI Parakram Credit Card,
Get up to ??7500 Off on International Hotels with ICICI Bank Credit Card EMI,Hotels,https://www.ixigo.com/offers/icici_hotels,ICICI Bank Times Black Credit Card,
Get up to ??7500 Off on International Hotels with ICICI Bank Credit Card EMI,Hotels,https://www.ixigo.com/offers/icici_hotels,Adani One ICICI Signature Credit Card,
Get up to ??7500 Off on International Hotels with ICICI Bank Credit Card EMI,Hotels,https://www.ixigo.com/offers/icici_hotels,Chennai Super Kings ICICI Bank Credit Card,
Get up to ??7500 Off on International Hotels with ICICI Bank Credit Card EMI,Hotels,https://www.ixigo.com/offers/icici_hotels,ICICI HPCL Coral Credit Card,
Get up to ??7500 Off on International Hotels with ICICI Bank Credit Card EMI,Hotels,https://www.ixigo.com/offers/icici_hotels,ICICI Bank Coral Credit Card,
Get up to ??7500 Off on International Hotels with ICICI Bank Credit Card EMI,Hotels,https://www.ixigo.com/offers/icici_hotels,ICICI Bank Emeralde Credit Card,
Get up to ??7500 Off on International Hotels with ICICI Bank Credit Card EMI,Hotels,https://www.ixigo.com/offers/icici_hotels,ICICI Parakram Select Credit Card,
Get up to ??7500 Off on International Hotels with ICICI Bank Credit Card EMI,Hotels,https://www.ixigo.com/offers/icici_hotels,Emirates Skywards Rubyx Credit Card,
Get up to ??7500 Off on International Hotels with ICICI Bank Credit Card EMI,Hotels,https://www.ixigo.com/offers/icici_hotels,ICICI Bank Credit Card,
Get up to ??7500 Off on International Hotels with ICICI Bank Credit Card EMI,Hotels,https://www.ixigo.com/offers/icici_hotels,MakeMyTrip ICICI Bank Platinum Credit Card,
Get up to ??7500 Off on International Hotels with ICICI Bank Credit Card EMI,Hotels,https://www.ixigo.com/offers/icici_hotels,MakeMyTrip ICICI Bank Credit Card,
Get up to ??7500 Off on International Hotels with ICICI Bank Credit Card EMI,Hotels,https://www.ixigo.com/offers/icici_hotels,ICICI Bank Platinum Chip Credit Card,
Get up to ??7500 Off on International Hotels with ICICI Bank Credit Card EMI,Hotels,https://www.ixigo.com/offers/icici_hotels,Makemytrip ICICI Bank Signature Credit Card,
Get up to ??7500 Off on International Hotels with ICICI Bank Credit Card EMI,Hotels,https://www.ixigo.com/offers/icici_hotels,Emirates Skywards ICICI Bank Emerald Credit Card,
Flat 10% Off on International Hotels with RBL Bank Credit Cards and Credit Card EMI,Hotels,https://www.ixigo.com/offers/rbl-cc-int-hotel,RBL Bank Platinum Choice Credit Card,
Flat 10% Off on International Hotels with RBL Bank Credit Cards and Credit Card EMI,Hotels,https://www.ixigo.com/offers/rbl-cc-int-hotel,RBL Bank Platinum Choice Visa Credit Card,
Flat 10% Off on International Hotels with RBL Bank Credit Cards and Credit Card EMI,Hotels,https://www.ixigo.com/offers/rbl-cc-int-hotel,RBL Bank World Plus Credit Card,
Flat 10% Off on International Hotels with RBL Bank Credit Cards and Credit Card EMI,Hotels,https://www.ixigo.com/offers/rbl-cc-int-hotel,RBL Bank World Plus MasterCard Credit Card,
Flat 10% Off on International Hotels with RBL Bank Credit Cards and Credit Card EMI,Hotels,https://www.ixigo.com/offers/rbl-cc-int-hotel,RBL Bank Platinum Advantage Credit Card,
Flat 10% Off on International Hotels with RBL Bank Credit Cards and Credit Card EMI,Hotels,https://www.ixigo.com/offers/rbl-cc-int-hotel,RBL Bank EasySaver Credit Card,
Flat 10% Off on International Hotels with RBL Bank Credit Cards and Credit Card EMI,Hotels,https://www.ixigo.com/offers/rbl-cc-int-hotel,RBL Bank EasySaver Visa Credit Card,
Flat 10% Off on International Hotels with RBL Bank Credit Cards and Credit Card EMI,Hotels,https://www.ixigo.com/offers/rbl-cc-int-hotel,RBL Bank MyFirst Mastercard Credit Card,
Flat 10% Off on International Hotels with RBL Bank Credit Cards and Credit Card EMI,Hotels,https://www.ixigo.com/offers/rbl-cc-int-hotel,RBL Bank MyFirst Credit Card,
Flat 10% Off on International Hotels with RBL Bank Credit Cards and Credit Card EMI,Hotels,https://www.ixigo.com/offers/rbl-cc-int-hotel,RBL Bank Binge Credit Card,
Flat 10% Off on International Hotels with RBL Bank Credit Cards and Credit Card EMI,Hotels,https://www.ixigo.com/offers/rbl-cc-int-hotel,RBL Bank Binge MasterCard Credit Card,
Flat 10% Off on International Hotels with RBL Bank Credit Cards and Credit Card EMI,Hotels,https://www.ixigo.com/offers/rbl-cc-int-hotel,RBL Bank Platinum Shopgain  Credit Card,
Flat 10% Off on International Hotels with RBL Bank Credit Cards and Credit Card EMI,Hotels,https://www.ixigo.com/offers/rbl-cc-int-hotel,RBL Bank Platinum Shopgain Visa Credit Card,
Flat 10% Off on International Hotels with RBL Bank Credit Cards and Credit Card EMI,Hotels,https://www.ixigo.com/offers/rbl-cc-int-hotel,RBL Bank Platinum Bonus Credit Card,
Flat 10% Off on International Hotels with RBL Bank Credit Cards and Credit Card EMI,Hotels,https://www.ixigo.com/offers/rbl-cc-int-hotel,RBL Bank Platinum Prime Credit Card,
Flat 10% Off on International Hotels with RBL Bank Credit Cards and Credit Card EMI,Hotels,https://www.ixigo.com/offers/rbl-cc-int-hotel,RBL Bank World Max MasterCard Credit Card,
Flat 10% Off on International Hotels with RBL Bank Credit Cards and Credit Card EMI,Hotels,https://www.ixigo.com/offers/rbl-cc-int-hotel,RBL Bank World Max Credit Card,
Flat 10% Off on International Hotels with RBL Bank Credit Cards and Credit Card EMI,Hotels,https://www.ixigo.com/offers/rbl-cc-int-hotel,RBL Bank Platinum ValuePlus MasterCard Credit Card,
Flat 10% Off on International Hotels with RBL Bank Credit Cards and Credit Card EMI,Hotels,https://www.ixigo.com/offers/rbl-cc-int-hotel,RBL Bank Platinum ValuePlus Credit Card,
Flat 10% Off on International Hotels with RBL Bank Credit Cards and Credit Card EMI,Hotels,https://www.ixigo.com/offers/rbl-cc-int-hotel,RBL Bank Platinum ShopSmart MasterCard Credit Card,
Flat 10% Off on International Hotels with RBL Bank Credit Cards and Credit Card EMI,Hotels,https://www.ixigo.com/offers/rbl-cc-int-hotel,RBL Bank Platinum Shopsmart Credit Card,
Flat 10% Off on International Hotels with RBL Bank Credit Cards and Credit Card EMI,Hotels,https://www.ixigo.com/offers/rbl-cc-int-hotel,RBL Bank Platinum TravelEasy Credit Card,
Flat 10% Off on International Hotels with RBL Bank Credit Cards and Credit Card EMI,Hotels,https://www.ixigo.com/offers/rbl-cc-int-hotel,RBL Bank Platinum TravelEasy Visa Credit Card,
Flat 10% Off on International Hotels with RBL Bank Credit Cards and Credit Card EMI,Hotels,https://www.ixigo.com/offers/rbl-cc-int-hotel,RBL Bank World Prime Credit Card,
Flat 10% Off on International Hotels with RBL Bank Credit Cards and Credit Card EMI,Hotels,https://www.ixigo.com/offers/rbl-cc-int-hotel,RBL Bank World Prime Visa Credit Card,
Flat 10% Off on International Hotels with RBL Bank Credit Cards and Credit Card EMI,Hotels,https://www.ixigo.com/offers/rbl-cc-int-hotel,RBL Bank Platinum Plus Credit Card,
Flat 10% Off on International Hotels with RBL Bank Credit Cards and Credit Card EMI,Hotels,https://www.ixigo.com/offers/rbl-cc-int-hotel,RBL Bank Platinum Plus Visa Credit Card,
Flat 10% Off on International Hotels with RBL Bank Credit Cards and Credit Card EMI,Hotels,https://www.ixigo.com/offers/rbl-cc-int-hotel,RBL Bank Platinum ShopDaily Credit Card,
Flat 10% Off on International Hotels with RBL Bank Credit Cards and Credit Card EMI,Hotels,https://www.ixigo.com/offers/rbl-cc-int-hotel,RBL Bank Platinum ShopDaily Visa Credit Card,
Flat 10% Off on International Hotels with RBL Bank Credit Cards and Credit Card EMI,Hotels,https://www.ixigo.com/offers/rbl-cc-int-hotel,RBL Bank Platinum Edge Credit Card,
Flat 10% Off on International Hotels with RBL Bank Credit Cards and Credit Card EMI,Hotels,https://www.ixigo.com/offers/rbl-cc-int-hotel,RBL Bank Platinum Edge MasterCard,
Flat 10% Off on International Hotels with RBL Bank Credit Cards and Credit Card EMI,Hotels,https://www.ixigo.com/offers/rbl-cc-int-hotel,RBL Bank Platinum LifeEasy Visa Credit Card,
Flat 10% Off on International Hotels with RBL Bank Credit Cards and Credit Card EMI,Hotels,https://www.ixigo.com/offers/rbl-cc-int-hotel,RBL Bank Platinum LifeEasy Credit Card,
Flat 10% Off on International Hotels with RBL Bank Credit Cards and Credit Card EMI,Hotels,https://www.ixigo.com/offers/rbl-cc-int-hotel,RBL Bank DMI Finance Credit Card,
Flat 10% Off on International Hotels with RBL Bank Credit Cards and Credit Card EMI,Hotels,https://www.ixigo.com/offers/rbl-cc-int-hotel,RBL Bank Play Credit Card,
Flat 10% Off on International Hotels with RBL Bank Credit Cards and Credit Card EMI,Hotels,https://www.ixigo.com/offers/rbl-cc-int-hotel,RBL Bank Novio RuPay Credit Card,
Flat 10% Off on International Hotels with RBL Bank Credit Cards and Credit Card EMI,Hotels,https://www.ixigo.com/offers/rbl-cc-int-hotel,IndianOil RBL Bank Credit Card,
Flat 10% Off on International Hotels with RBL Bank Credit Cards and Credit Card EMI,Hotels,https://www.ixigo.com/offers/rbl-cc-int-hotel,TVS Credit RBL Bank Gold Mastercard Card,
Flat 10% Off on International Hotels with RBL Bank Credit Cards and Credit Card EMI,Hotels,https://www.ixigo.com/offers/rbl-cc-int-hotel,TVS Credit RBL Bank Card,
Flat 10% Off on International Hotels with RBL Bank Credit Cards and Credit Card EMI,Hotels,https://www.ixigo.com/offers/rbl-cc-int-hotel,RBL Bank SalarySe Up RuPay Credit Card,
Flat 10% Off on International Hotels with RBL Bank Credit Cards and Credit Card EMI,Hotels,https://www.ixigo.com/offers/rbl-cc-int-hotel,RBL Bank Patanjali Vishisht RuPay Card,
Flat 10% Off on International Hotels with RBL Bank Credit Cards and Credit Card EMI,Hotels,https://www.ixigo.com/offers/rbl-cc-int-hotel,Indianoil RBL Bank Xtra Credit Card,
Flat 10% Off on International Hotels with RBL Bank Credit Cards and Credit Card EMI,Hotels,https://www.ixigo.com/offers/rbl-cc-int-hotel,RBL Bank Patanjali Swarn RuPay Card,
Flat 10% Off on International Hotels with RBL Bank Credit Cards and Credit Card EMI,Hotels,https://www.ixigo.com/offers/rbl-cc-int-hotel,RBL Bank Movies and More Credit Card,
Flat 10% Off on International Hotels with RBL Bank Credit Cards and Credit Card EMI,Hotels,https://www.ixigo.com/offers/rbl-cc-int-hotel,RBL Bank Shoprite Credit Card,
Flat 10% Off on International Hotels with RBL Bank Credit Cards and Credit Card EMI,Hotels,https://www.ixigo.com/offers/rbl-cc-int-hotel,RBL Bank Play Credit Card,
Flat 10% Off on International Hotels with RBL Bank Credit Cards and Credit Card EMI,Hotels,https://www.ixigo.com/offers/rbl-cc-int-hotel,RBL Bank Platinum Delight Credit Card,
Flat 10% Off on International Hotels with RBL Bank Credit Cards and Credit Card EMI,Hotels,https://www.ixigo.com/offers/rbl-cc-int-hotel,RBL Bank World Safari Credit Card,
Flat 10% Off on International Hotels with RBL Bank Credit Cards and Credit Card EMI,Hotels,https://www.ixigo.com/offers/rbl-cc-int-hotel,RBL Bank Platinum Classic Credit Card,
Flat 10% Off on International Hotels with RBL Bank Credit Cards and Credit Card EMI,Hotels,https://www.ixigo.com/offers/rbl-cc-int-hotel,RBL Bank Bankbazaar Savemax Pro Credit Card,
Flat 10% Off on International Hotels with RBL Bank Credit Cards and Credit Card EMI,Hotels,https://www.ixigo.com/offers/rbl-cc-int-hotel,RBL Bank Lazy Pay Credit Card,
Flat 10% Off on International Hotels with RBL Bank Credit Cards and Credit Card EMI,Hotels,https://www.ixigo.com/offers/rbl-cc-int-hotel,RBL Bank MoneyTap Black Card,
Flat 10% Off on International Hotels with RBL Bank Credit Cards and Credit Card EMI,Hotels,https://www.ixigo.com/offers/rbl-cc-int-hotel,RBL Platinum Maxima Plus Card,
Flat 10% Off on International Hotels with RBL Bank Credit Cards and Credit Card EMI,Hotels,https://www.ixigo.com/offers/rbl-cc-int-hotel,RBL Bank MoneyTap Credit Card,
Flat 10% Off on International Hotels with RBL Bank Credit Cards and Credit Card EMI,Hotels,https://www.ixigo.com/offers/rbl-cc-int-hotel,RBL Bank Icon Credit Card,
Flat 10% Off on International Hotels with RBL Bank Credit Cards and Credit Card EMI,Hotels,https://www.ixigo.com/offers/rbl-cc-int-hotel,RBL Bank Monthly Treats Credit Card,
Flat 10% Off on International Hotels with RBL Bank Credit Cards and Credit Card EMI,Hotels,https://www.ixigo.com/offers/rbl-cc-int-hotel,RBL Bank iGlobe Credit Card,
Flat 10% Off on International Hotels with RBL Bank Credit Cards and Credit Card EMI,Hotels,https://www.ixigo.com/offers/rbl-cc-int-hotel,RBL Bank Paisabazaar Duet Plus Card,
Flat 10% Off on International Hotels with RBL Bank Credit Cards and Credit Card EMI,Hotels,https://www.ixigo.com/offers/rbl-cc-int-hotel,IRCTC RBL Bank Credit Card,
Flat 10% Off on International Hotels with RBL Bank Credit Cards and Credit Card EMI,Hotels,https://www.ixigo.com/offers/rbl-cc-int-hotel,RBL Bank Cookie Credit Card,
Flat 10% Off on International Hotels with RBL Bank Credit Cards and Credit Card EMI,Hotels,https://www.ixigo.com/offers/rbl-cc-int-hotel,IndianOil RBL Bank RuPay Credit Card,
Flat 10% Off on International Hotels with RBL Bank Credit Cards and Credit Card EMI,Hotels,https://www.ixigo.com/offers/rbl-cc-int-hotel,IndianOil RBL Bank XTRA RuPay Credit Card,
Flat 10% Off on International Hotels with RBL Bank Credit Cards and Credit Card EMI,Hotels,https://www.ixigo.com/offers/rbl-cc-int-hotel,RBL Bank Bankbazaar Savemax Credit Card,
Flat 10% Off on International Hotels with RBL Bank Credit Cards and Credit Card EMI,Hotels,https://www.ixigo.com/offers/rbl-cc-int-hotel,RBL Bank Platinum Maxima Credit Card,
Flat 10% Off on International Hotels with RBL Bank Credit Cards and Credit Card EMI,Hotels,https://www.ixigo.com/offers/rbl-cc-int-hotel,RBL Bank VCard,
Flat 10% Off on International Hotels with RBL Bank Credit Cards and Credit Card EMI,Hotels,https://www.ixigo.com/offers/rbl-cc-int-hotel,RBL Bank Insignia Preferred Banking Card,
Flat 10% Off on International Hotels with RBL Bank Credit Cards and Credit Card EMI,Hotels,https://www.ixigo.com/offers/rbl-cc-int-hotel,RBL Bank Mocash Credit Card,
Flat 10% Off on International Hotels with RBL Bank Credit Cards and Credit Card EMI,Hotels,https://www.ixigo.com/offers/rbl-cc-int-hotel,RBL Bank Paisabazaar Duet Card,
