Offer Image,Offer Title,Offer Description,Offer Expires,Link,Eligible Credit Cards
https://promos.makemytrip.com/appfest/2x/au-bg-14072025.jpg,Big Savings on Your Next Trip: Grab Up to 15% OFF*,"on Flights, Hotels & Buses. ",Expires on 23 Jul,https://www.makemytrip.com/promos/au-bank-cc-offers-140725.html?detail_image=no,AU Altura Credit Card
https://promos.makemytrip.com/appfest/2x/au-bg-14072025.jpg,Big Savings on Your Next Trip: Grab Up to 15% OFF*,"on Flights, Hotels & Buses. ",Expires on 23 Jul,https://www.makemytrip.com/promos/au-bank-cc-offers-140725.html?detail_image=no,AU Bank Zenith+ Credit Card
https://promos.makemytrip.com/appfest/2x/au-bg-14072025.jpg,Big Savings on Your Next Trip: Grab Up to 15% OFF*,"on Flights, Hotels & Buses. ",Expires on 23 Jul,https://www.makemytrip.com/promos/au-bank-cc-offers-140725.html?detail_image=no,AU Vetta Credit Card
https://promos.makemytrip.com/appfest/2x/au-bg-14072025.jpg,Big Savings on Your Next Trip: Grab Up to 15% OFF*,"on Flights, Hotels & Buses. ",Expires on 23 Jul,https://www.makemytrip.com/promos/au-bank-cc-offers-140725.html?detail_image=no,AU Bank InstaPay Credit Card
https://promos.makemytrip.com/appfest/2x/au-bg-14072025.jpg,Big Savings on Your Next Trip: Grab Up to 15% OFF*,"on Flights, Hotels & Buses. ",Expires on 23 Jul,https://www.makemytrip.com/promos/au-bank-cc-offers-140725.html?detail_image=no,AU Bank Altura Plus Credit Card
https://promos.makemytrip.com/appfest/2x/au-bg-14072025.jpg,Big Savings on Your Next Trip: Grab Up to 15% OFF*,"on Flights, Hotels & Buses. ",Expires on 23 Jul,https://www.makemytrip.com/promos/au-bank-cc-offers-140725.html?detail_image=no,AU Zenith Credit Card
https://promos.makemytrip.com/appfest/2x/au-bg-14072025.jpg,Big Savings on Your Next Trip: Grab Up to 15% OFF*,"on Flights, Hotels & Buses. ",Expires on 23 Jul,https://www.makemytrip.com/promos/au-bank-cc-offers-140725.html?detail_image=no,Ixigo AU Travel Credit Card
https://promos.makemytrip.com/appfest/2x/au-bg-14072025.jpg,Big Savings on Your Next Trip: Grab Up to 15% OFF*,"on Flights, Hotels & Buses. ",Expires on 23 Jul,https://www.makemytrip.com/promos/au-bank-cc-offers-140725.html?detail_image=no,AU LIT Credit Card
https://promos.makemytrip.com/appfest/2x/yes-bg-14072025.jpg,For Your Upcoming Trips: Grab Up to 35% OFF*,"on Flights, Hotels & Holiday Packages.",Expires on 23 Jul,https://www.makemytrip.com/promos/yes-bank-cc-emi-140725.html?detail_image=no,Yes ELITE + Credit Card
https://promos.makemytrip.com/appfest/2x/yes-bg-14072025.jpg,For Your Upcoming Trips: Grab Up to 35% OFF*,"on Flights, Hotels & Holiday Packages.",Expires on 23 Jul,https://www.makemytrip.com/promos/yes-bank-cc-emi-140725.html?detail_image=no,Yes Prosperity Reward Plus Credit Card
https://promos.makemytrip.com/appfest/2x/yes-bg-14072025.jpg,For Your Upcoming Trips: Grab Up to 35% OFF*,"on Flights, Hotels & Holiday Packages.",Expires on 23 Jul,https://www.makemytrip.com/promos/yes-bank-cc-emi-140725.html?detail_image=no,Yes Bank Card Anq Phi Credit  Card
https://promos.makemytrip.com/appfest/2x/yes-bg-14072025.jpg,For Your Upcoming Trips: Grab Up to 35% OFF*,"on Flights, Hotels & Holiday Packages.",Expires on 23 Jul,https://www.makemytrip.com/promos/yes-bank-cc-emi-140725.html?detail_image=no,YES Bank Paisabazaar Paisasave Credit Card
https://promos.makemytrip.com/appfest/2x/yes-bg-14072025.jpg,For Your Upcoming Trips: Grab Up to 35% OFF*,"on Flights, Hotels & Holiday Packages.",Expires on 23 Jul,https://www.makemytrip.com/promos/yes-bank-cc-emi-140725.html?detail_image=no,YES Bank Marquee Credit Card
https://promos.makemytrip.com/appfest/2x/yes-bg-14072025.jpg,For Your Upcoming Trips: Grab Up to 35% OFF*,"on Flights, Hotels & Holiday Packages.",Expires on 23 Jul,https://www.makemytrip.com/promos/yes-bank-cc-emi-140725.html?detail_image=no,Yes Prosperity Cashback Plus Credit Card
https://promos.makemytrip.com/appfest/2x/yes-bg-14072025.jpg,For Your Upcoming Trips: Grab Up to 35% OFF*,"on Flights, Hotels & Holiday Packages.",Expires on 23 Jul,https://www.makemytrip.com/promos/yes-bank-cc-emi-140725.html?detail_image=no,Yes EMI Credit Card
https://promos.makemytrip.com/appfest/2x/yes-bg-14072025.jpg,For Your Upcoming Trips: Grab Up to 35% OFF*,"on Flights, Hotels & Holiday Packages.",Expires on 23 Jul,https://www.makemytrip.com/promos/yes-bank-cc-emi-140725.html?detail_image=no,Yes Reserv Credit Card
https://promos.makemytrip.com/appfest/2x/yes-bg-14072025.jpg,For Your Upcoming Trips: Grab Up to 35% OFF*,"on Flights, Hotels & Holiday Packages.",Expires on 23 Jul,https://www.makemytrip.com/promos/yes-bank-cc-emi-140725.html?detail_image=no,Yes Prosperity Cashback Credit Card
https://promos.makemytrip.com/appfest/2x/yes-bg-14072025.jpg,For Your Upcoming Trips: Grab Up to 35% OFF*,"on Flights, Hotels & Holiday Packages.",Expires on 23 Jul,https://www.makemytrip.com/promos/yes-bank-cc-emi-140725.html?detail_image=no,Yes Bank BYOC Credit Card
https://promos.makemytrip.com/appfest/2x/yes-bg-14072025.jpg,For Your Upcoming Trips: Grab Up to 35% OFF*,"on Flights, Hotels & Holiday Packages.",Expires on 23 Jul,https://www.makemytrip.com/promos/yes-bank-cc-emi-140725.html?detail_image=no,Yes Bank Finbooster Credit Card
https://promos.makemytrip.com/appfest/2x/yes-bg-14072025.jpg,For Your Upcoming Trips: Grab Up to 35% OFF*,"on Flights, Hotels & Holiday Packages.",Expires on 23 Jul,https://www.makemytrip.com/promos/yes-bank-cc-emi-140725.html?detail_image=no,Yes Bank Wellness Credit Card
https://promos.makemytrip.com/appfest/2x/yes-bg-14072025.jpg,For Your Upcoming Trips: Grab Up to 35% OFF*,"on Flights, Hotels & Holiday Packages.",Expires on 23 Jul,https://www.makemytrip.com/promos/yes-bank-cc-emi-140725.html?detail_image=no,Yes Private Prime Credit Card
https://promos.makemytrip.com/appfest/2x/yes-bg-14072025.jpg,For Your Upcoming Trips: Grab Up to 35% OFF*,"on Flights, Hotels & Holiday Packages.",Expires on 23 Jul,https://www.makemytrip.com/promos/yes-bank-cc-emi-140725.html?detail_image=no,Yes Bank Wellness Plus Credit Card
https://promos.makemytrip.com/appfest/2x/yes-bg-14072025.jpg,For Your Upcoming Trips: Grab Up to 35% OFF*,"on Flights, Hotels & Holiday Packages.",Expires on 23 Jul,https://www.makemytrip.com/promos/yes-bank-cc-emi-140725.html?detail_image=no,Yes Prosperity Reward Credit Card
https://promos.makemytrip.com/appfest/2x/yes-bg-14072025.jpg,For Your Upcoming Trips: Grab Up to 35% OFF*,"on Flights, Hotels & Holiday Packages.",Expires on 23 Jul,https://www.makemytrip.com/promos/yes-bank-cc-emi-140725.html?detail_image=no,Yes Bank Anq Pi Credit Card
https://promos.makemytrip.com/appfest/2x/yes-bg-14072025.jpg,For Your Upcoming Trips: Grab Up to 35% OFF*,"on Flights, Hotels & Holiday Packages.",Expires on 23 Jul,https://www.makemytrip.com/promos/yes-bank-cc-emi-140725.html?detail_image=no,YES Bank Rio RuPay Credit Card
https://promos.makemytrip.com/appfest/2x/yes-bg-14072025.jpg,For Your Upcoming Trips: Grab Up to 35% OFF*,"on Flights, Hotels & Holiday Packages.",Expires on 23 Jul,https://www.makemytrip.com/promos/yes-bank-cc-emi-140725.html?detail_image=no,Yes Prosperity Edge Credit Card
,,,,,
https://promos.makemytrip.com/appfest/2x/hsbc-bank-bg-04042024.jpg,Get Up to 35% OFF* + Interest-free EMI,"on flights, hotels & holiday packages for your next refreshing break.",Expires on 27 Jul,https://www.makemytrip.com/promos/hsbc-emi-offers-apr22.html?detail_image=no,HSBC TravelOne Credit Card
https://promos.makemytrip.com/appfest/2x/hsbc-bank-bg-04042024.jpg,Get Up to 35% OFF* + Interest-free EMI,"on flights, hotels & holiday packages for your next refreshing break.",Expires on 27 Jul,https://www.makemytrip.com/promos/hsbc-emi-offers-apr22.html?detail_image=no,HSBC Visa Platinum Credit Card
https://promos.makemytrip.com/appfest/2x/hsbc-bank-bg-04042024.jpg,Get Up to 35% OFF* + Interest-free EMI,"on flights, hotels & holiday packages for your next refreshing break.",Expires on 27 Jul,https://www.makemytrip.com/promos/hsbc-emi-offers-apr22.html?detail_image=no,HSBC Taj Credit Card
https://promos.makemytrip.com/appfest/2x/hsbc-bank-bg-04042024.jpg,Get Up to 35% OFF* + Interest-free EMI,"on flights, hotels & holiday packages for your next refreshing break.",Expires on 27 Jul,https://www.makemytrip.com/promos/hsbc-emi-offers-apr22.html?detail_image=no,HSBC Live+ Credit Card
https://promos.makemytrip.com/appfest/2x/hsbc-bank-bg-04042024.jpg,Get Up to 35% OFF* + Interest-free EMI,"on flights, hotels & holiday packages for your next refreshing break.",Expires on 27 Jul,https://www.makemytrip.com/promos/hsbc-emi-offers-apr22.html?detail_image=no,HSBC Premier Mastercard Credit Card
,,,,,
,,,,,
,,,,,
https://promos.makemytrip.com/appfest/2x/yes-bg-14072023.jpg,Avail Interest-free EMI* + Up to 35% OFF*,"on flights, hotels & holiday packages in India & abroad.",Expires on 31 Jul,https://www.makemytrip.com/promos/yes-nce-offers-01072022.html?detail_image=no,Yes ELITE + Credit Card
https://promos.makemytrip.com/appfest/2x/yes-bg-14072023.jpg,Avail Interest-free EMI* + Up to 35% OFF*,"on flights, hotels & holiday packages in India & abroad.",Expires on 31 Jul,https://www.makemytrip.com/promos/yes-nce-offers-01072022.html?detail_image=no,Yes Prosperity Reward Plus Credit Card
https://promos.makemytrip.com/appfest/2x/yes-bg-14072023.jpg,Avail Interest-free EMI* + Up to 35% OFF*,"on flights, hotels & holiday packages in India & abroad.",Expires on 31 Jul,https://www.makemytrip.com/promos/yes-nce-offers-01072022.html?detail_image=no,Yes Bank Card Anq Phi Credit  Card
https://promos.makemytrip.com/appfest/2x/yes-bg-14072023.jpg,Avail Interest-free EMI* + Up to 35% OFF*,"on flights, hotels & holiday packages in India & abroad.",Expires on 31 Jul,https://www.makemytrip.com/promos/yes-nce-offers-01072022.html?detail_image=no,YES Bank Paisabazaar Paisasave Credit Card
https://promos.makemytrip.com/appfest/2x/yes-bg-14072023.jpg,Avail Interest-free EMI* + Up to 35% OFF*,"on flights, hotels & holiday packages in India & abroad.",Expires on 31 Jul,https://www.makemytrip.com/promos/yes-nce-offers-01072022.html?detail_image=no,YES Bank Marquee Credit Card
https://promos.makemytrip.com/appfest/2x/yes-bg-14072023.jpg,Avail Interest-free EMI* + Up to 35% OFF*,"on flights, hotels & holiday packages in India & abroad.",Expires on 31 Jul,https://www.makemytrip.com/promos/yes-nce-offers-01072022.html?detail_image=no,Yes Prosperity Cashback Plus Credit Card
https://promos.makemytrip.com/appfest/2x/yes-bg-14072023.jpg,Avail Interest-free EMI* + Up to 35% OFF*,"on flights, hotels & holiday packages in India & abroad.",Expires on 31 Jul,https://www.makemytrip.com/promos/yes-nce-offers-01072022.html?detail_image=no,Yes EMI Credit Card
https://promos.makemytrip.com/appfest/2x/yes-bg-14072023.jpg,Avail Interest-free EMI* + Up to 35% OFF*,"on flights, hotels & holiday packages in India & abroad.",Expires on 31 Jul,https://www.makemytrip.com/promos/yes-nce-offers-01072022.html?detail_image=no,Yes Reserv Credit Card
https://promos.makemytrip.com/appfest/2x/yes-bg-14072023.jpg,Avail Interest-free EMI* + Up to 35% OFF*,"on flights, hotels & holiday packages in India & abroad.",Expires on 31 Jul,https://www.makemytrip.com/promos/yes-nce-offers-01072022.html?detail_image=no,Yes Prosperity Cashback Credit Card
https://promos.makemytrip.com/appfest/2x/yes-bg-14072023.jpg,Avail Interest-free EMI* + Up to 35% OFF*,"on flights, hotels & holiday packages in India & abroad.",Expires on 31 Jul,https://www.makemytrip.com/promos/yes-nce-offers-01072022.html?detail_image=no,Yes Bank BYOC Credit Card
https://promos.makemytrip.com/appfest/2x/yes-bg-14072023.jpg,Avail Interest-free EMI* + Up to 35% OFF*,"on flights, hotels & holiday packages in India & abroad.",Expires on 31 Jul,https://www.makemytrip.com/promos/yes-nce-offers-01072022.html?detail_image=no,Yes Bank Finbooster Credit Card
https://promos.makemytrip.com/appfest/2x/yes-bg-14072023.jpg,Avail Interest-free EMI* + Up to 35% OFF*,"on flights, hotels & holiday packages in India & abroad.",Expires on 31 Jul,https://www.makemytrip.com/promos/yes-nce-offers-01072022.html?detail_image=no,Yes Bank Wellness Credit Card
https://promos.makemytrip.com/appfest/2x/yes-bg-14072023.jpg,Avail Interest-free EMI* + Up to 35% OFF*,"on flights, hotels & holiday packages in India & abroad.",Expires on 31 Jul,https://www.makemytrip.com/promos/yes-nce-offers-01072022.html?detail_image=no,Yes Private Prime Credit Card
https://promos.makemytrip.com/appfest/2x/yes-bg-14072023.jpg,Avail Interest-free EMI* + Up to 35% OFF*,"on flights, hotels & holiday packages in India & abroad.",Expires on 31 Jul,https://www.makemytrip.com/promos/yes-nce-offers-01072022.html?detail_image=no,Yes Bank Wellness Plus Credit Card
https://promos.makemytrip.com/appfest/2x/yes-bg-14072023.jpg,Avail Interest-free EMI* + Up to 35% OFF*,"on flights, hotels & holiday packages in India & abroad.",Expires on 31 Jul,https://www.makemytrip.com/promos/yes-nce-offers-01072022.html?detail_image=no,Yes Prosperity Reward Credit Card
https://promos.makemytrip.com/appfest/2x/yes-bg-14072023.jpg,Avail Interest-free EMI* + Up to 35% OFF*,"on flights, hotels & holiday packages in India & abroad.",Expires on 31 Jul,https://www.makemytrip.com/promos/yes-nce-offers-01072022.html?detail_image=no,Yes Bank Anq Pi Credit Card
https://promos.makemytrip.com/appfest/2x/yes-bg-14072023.jpg,Avail Interest-free EMI* + Up to 35% OFF*,"on flights, hotels & holiday packages in India & abroad.",Expires on 31 Jul,https://www.makemytrip.com/promos/yes-nce-offers-01072022.html?detail_image=no,YES Bank Rio RuPay Credit Card
https://promos.makemytrip.com/appfest/2x/yes-bg-14072023.jpg,Avail Interest-free EMI* + Up to 35% OFF*,"on flights, hotels & holiday packages in India & abroad.",Expires on 31 Jul,https://www.makemytrip.com/promos/yes-nce-offers-01072022.html?detail_image=no,Yes Prosperity Edge Credit Card
,,,,,
,,,,,
https://promos.makemytrip.com/appfest/2x/j-and-k-bg-190202025.jpg,Travel Across the Country with Up to 15% OFF*,on Domestic Flights & Hotels.,Expires on 31 Aug,https://www.makemytrip.com/promos/jk-bank-offer-190225.html?detail_image=no,J&K Bank Gold Credit Card (MasterCard)
https://promos.makemytrip.com/appfest/2x/j-and-k-bg-190202025.jpg,Travel Across the Country with Up to 15% OFF*,on Domestic Flights & Hotels.,Expires on 31 Aug,https://www.makemytrip.com/promos/jk-bank-offer-190225.html?detail_image=no,J&K Bank Platinum Credit Card (MasterCard)
https://promos.makemytrip.com/appfest/2x/j-and-k-bg-190202025.jpg,Travel Across the Country with Up to 15% OFF*,on Domestic Flights & Hotels.,Expires on 31 Aug,https://www.makemytrip.com/promos/jk-bank-offer-190225.html?detail_image=no,J&K Bank World Credit Card (MasterCard)
https://promos.makemytrip.com/appfest/2x/bob-offer-bg-28062023.jpg,Avail Interest FREE* EMI + Up to 15% OFF*,"on flights, stays & holiday packages for your trips in India & abroad!",Expires on 30 Sep,https://www.makemytrip.com/promos/bob-nce-01012023.html?detail_image=no,Bank of Baroda Premier Credit card
https://promos.makemytrip.com/appfest/2x/bob-offer-bg-28062023.jpg,Avail Interest FREE* EMI + Up to 15% OFF*,"on flights, stays & holiday packages for your trips in India & abroad!",Expires on 30 Sep,https://www.makemytrip.com/promos/bob-nce-01012023.html?detail_image=no,BOB Assure Credit Card
https://promos.makemytrip.com/appfest/2x/bob-offer-bg-28062023.jpg,Avail Interest FREE* EMI + Up to 15% OFF*,"on flights, stays & holiday packages for your trips in India & abroad!",Expires on 30 Sep,https://www.makemytrip.com/promos/bob-nce-01012023.html?detail_image=no,Eterna Bobcard
https://promos.makemytrip.com/appfest/2x/bob-offer-bg-28062023.jpg,Avail Interest FREE* EMI + Up to 15% OFF*,"on flights, stays & holiday packages for your trips in India & abroad!",Expires on 30 Sep,https://www.makemytrip.com/promos/bob-nce-01012023.html?detail_image=no,Indian Navy Varunah Premium Bobcard
https://promos.makemytrip.com/appfest/2x/bob-offer-bg-28062023.jpg,Avail Interest FREE* EMI + Up to 15% OFF*,"on flights, stays & holiday packages for your trips in India & abroad!",Expires on 30 Sep,https://www.makemytrip.com/promos/bob-nce-01012023.html?detail_image=no,CMA One Bobcard
https://promos.makemytrip.com/appfest/2x/bob-offer-bg-28062023.jpg,Avail Interest FREE* EMI + Up to 15% OFF*,"on flights, stays & holiday packages for your trips in India & abroad!",Expires on 30 Sep,https://www.makemytrip.com/promos/bob-nce-01012023.html?detail_image=no,Bank of Baroda ETERNA Credit card
https://promos.makemytrip.com/appfest/2x/bob-offer-bg-28062023.jpg,Avail Interest FREE* EMI + Up to 15% OFF*,"on flights, stays & holiday packages for your trips in India & abroad!",Expires on 30 Sep,https://www.makemytrip.com/promos/bob-nce-01012023.html?detail_image=no,ICSI Diamond Bobcard
https://promos.makemytrip.com/appfest/2x/bob-offer-bg-28062023.jpg,Avail Interest FREE* EMI + Up to 15% OFF*,"on flights, stays & holiday packages for your trips in India & abroad!",Expires on 30 Sep,https://www.makemytrip.com/promos/bob-nce-01012023.html?detail_image=no,Bank of Baroda EASY Credit Card
https://promos.makemytrip.com/appfest/2x/bob-offer-bg-28062023.jpg,Avail Interest FREE* EMI + Up to 15% OFF*,"on flights, stays & holiday packages for your trips in India & abroad!",Expires on 30 Sep,https://www.makemytrip.com/promos/bob-nce-01012023.html?detail_image=no,ICAI Exclusive Bobcard
https://promos.makemytrip.com/appfest/2x/bob-offer-bg-28062023.jpg,Avail Interest FREE* EMI + Up to 15% OFF*,"on flights, stays & holiday packages for your trips in India & abroad!",Expires on 30 Sep,https://www.makemytrip.com/promos/bob-nce-01012023.html?detail_image=no,Assam Rifles The Sentinel Bobcard
https://promos.makemytrip.com/appfest/2x/bob-offer-bg-28062023.jpg,Avail Interest FREE* EMI + Up to 15% OFF*,"on flights, stays & holiday packages for your trips in India & abroad!",Expires on 30 Sep,https://www.makemytrip.com/promos/bob-nce-01012023.html?detail_image=no,Indian Army Yoddha Bobcard
https://promos.makemytrip.com/appfest/2x/bob-offer-bg-28062023.jpg,Avail Interest FREE* EMI + Up to 15% OFF*,"on flights, stays & holiday packages for your trips in India & abroad!",Expires on 30 Sep,https://www.makemytrip.com/promos/bob-nce-01012023.html?detail_image=no,HPCL BoB ENERGIE
https://promos.makemytrip.com/appfest/2x/bob-offer-bg-28062023.jpg,Avail Interest FREE* EMI + Up to 15% OFF*,"on flights, stays & holiday packages for your trips in India & abroad!",Expires on 30 Sep,https://www.makemytrip.com/promos/bob-nce-01012023.html?detail_image=no,Prime Bobcard
https://promos.makemytrip.com/appfest/2x/bob-offer-bg-28062023.jpg,Avail Interest FREE* EMI + Up to 15% OFF*,"on flights, stays & holiday packages for your trips in India & abroad!",Expires on 30 Sep,https://www.makemytrip.com/promos/bob-nce-01012023.html?detail_image=no,Swavlamban Bobcard
https://promos.makemytrip.com/appfest/2x/bob-offer-bg-28062023.jpg,Avail Interest FREE* EMI + Up to 15% OFF*,"on flights, stays & holiday packages for your trips in India & abroad!",Expires on 30 Sep,https://www.makemytrip.com/promos/bob-nce-01012023.html?detail_image=no,IRCTC Bobcard
https://promos.makemytrip.com/appfest/2x/bob-offer-bg-28062023.jpg,Avail Interest FREE* EMI + Up to 15% OFF*,"on flights, stays & holiday packages for your trips in India & abroad!",Expires on 30 Sep,https://www.makemytrip.com/promos/bob-nce-01012023.html?detail_image=no,Snapdeal Bobcard
https://promos.makemytrip.com/appfest/2x/bob-offer-bg-28062023.jpg,Avail Interest FREE* EMI + Up to 15% OFF*,"on flights, stays & holiday packages for your trips in India & abroad!",Expires on 30 Sep,https://www.makemytrip.com/promos/bob-nce-01012023.html?detail_image=no,Unnati Bobcard
https://promos.makemytrip.com/appfest/2x/bob-offer-bg-28062023.jpg,Avail Interest FREE* EMI + Up to 15% OFF*,"on flights, stays & holiday packages for your trips in India & abroad!",Expires on 30 Sep,https://www.makemytrip.com/promos/bob-nce-01012023.html?detail_image=no,Indian Coast Guard Rakshamah Bank of Baroda
https://promos.makemytrip.com/appfest/2x/bob-offer-bg-28062023.jpg,Avail Interest FREE* EMI + Up to 15% OFF*,"on flights, stays & holiday packages for your trips in India & abroad!",Expires on 30 Sep,https://www.makemytrip.com/promos/bob-nce-01012023.html?detail_image=no,SELECT
https://promos.makemytrip.com/appfest/2x/idfc-05012023.jpg,Grab Up to 35% OFF* + Interest-FREE* EMI,"on domestic & international flight, stays and holiday packages!",Expires on 31 Jul,https://www.makemytrip.com/promos/rbl-nce-07072023.html?detail_image=no,RBL Bank Platinum Choice Credit Card
https://promos.makemytrip.com/appfest/2x/idfc-05012023.jpg,Grab Up to 35% OFF* + Interest-FREE* EMI,"on domestic & international flight, stays and holiday packages!",Expires on 31 Jul,https://www.makemytrip.com/promos/rbl-nce-07072023.html?detail_image=no,RBL Bank Platinum Choice Visa Credit Card
https://promos.makemytrip.com/appfest/2x/idfc-05012023.jpg,Grab Up to 35% OFF* + Interest-FREE* EMI,"on domestic & international flight, stays and holiday packages!",Expires on 31 Jul,https://www.makemytrip.com/promos/rbl-nce-07072023.html?detail_image=no,RBL Bank World Plus Credit Card
https://promos.makemytrip.com/appfest/2x/idfc-05012023.jpg,Grab Up to 35% OFF* + Interest-FREE* EMI,"on domestic & international flight, stays and holiday packages!",Expires on 31 Jul,https://www.makemytrip.com/promos/rbl-nce-07072023.html?detail_image=no,RBL Bank World Plus MasterCard Credit Card
https://promos.makemytrip.com/appfest/2x/idfc-05012023.jpg,Grab Up to 35% OFF* + Interest-FREE* EMI,"on domestic & international flight, stays and holiday packages!",Expires on 31 Jul,https://www.makemytrip.com/promos/rbl-nce-07072023.html?detail_image=no,RBL Bank Platinum Advantage Credit Card
https://promos.makemytrip.com/appfest/2x/idfc-05012023.jpg,Grab Up to 35% OFF* + Interest-FREE* EMI,"on domestic & international flight, stays and holiday packages!",Expires on 31 Jul,https://www.makemytrip.com/promos/rbl-nce-07072023.html?detail_image=no,RBL Bank EasySaver Credit Card
https://promos.makemytrip.com/appfest/2x/idfc-05012023.jpg,Grab Up to 35% OFF* + Interest-FREE* EMI,"on domestic & international flight, stays and holiday packages!",Expires on 31 Jul,https://www.makemytrip.com/promos/rbl-nce-07072023.html?detail_image=no,RBL Bank EasySaver Visa Credit Card
https://promos.makemytrip.com/appfest/2x/idfc-05012023.jpg,Grab Up to 35% OFF* + Interest-FREE* EMI,"on domestic & international flight, stays and holiday packages!",Expires on 31 Jul,https://www.makemytrip.com/promos/rbl-nce-07072023.html?detail_image=no,RBL Bank MyFirst Mastercard Credit Card
https://promos.makemytrip.com/appfest/2x/idfc-05012023.jpg,Grab Up to 35% OFF* + Interest-FREE* EMI,"on domestic & international flight, stays and holiday packages!",Expires on 31 Jul,https://www.makemytrip.com/promos/rbl-nce-07072023.html?detail_image=no,RBL Bank MyFirst Credit Card
https://promos.makemytrip.com/appfest/2x/idfc-05012023.jpg,Grab Up to 35% OFF* + Interest-FREE* EMI,"on domestic & international flight, stays and holiday packages!",Expires on 31 Jul,https://www.makemytrip.com/promos/rbl-nce-07072023.html?detail_image=no,RBL Bank Binge Credit Card
https://promos.makemytrip.com/appfest/2x/idfc-05012023.jpg,Grab Up to 35% OFF* + Interest-FREE* EMI,"on domestic & international flight, stays and holiday packages!",Expires on 31 Jul,https://www.makemytrip.com/promos/rbl-nce-07072023.html?detail_image=no,RBL Bank Binge MasterCard Credit Card
https://promos.makemytrip.com/appfest/2x/idfc-05012023.jpg,Grab Up to 35% OFF* + Interest-FREE* EMI,"on domestic & international flight, stays and holiday packages!",Expires on 31 Jul,https://www.makemytrip.com/promos/rbl-nce-07072023.html?detail_image=no,RBL Bank Platinum Shopgain  Credit Card
https://promos.makemytrip.com/appfest/2x/idfc-05012023.jpg,Grab Up to 35% OFF* + Interest-FREE* EMI,"on domestic & international flight, stays and holiday packages!",Expires on 31 Jul,https://www.makemytrip.com/promos/rbl-nce-07072023.html?detail_image=no,RBL Bank Platinum Shopgain Visa Credit Card
https://promos.makemytrip.com/appfest/2x/idfc-05012023.jpg,Grab Up to 35% OFF* + Interest-FREE* EMI,"on domestic & international flight, stays and holiday packages!",Expires on 31 Jul,https://www.makemytrip.com/promos/rbl-nce-07072023.html?detail_image=no,RBL Bank Platinum Bonus Credit Card
https://promos.makemytrip.com/appfest/2x/idfc-05012023.jpg,Grab Up to 35% OFF* + Interest-FREE* EMI,"on domestic & international flight, stays and holiday packages!",Expires on 31 Jul,https://www.makemytrip.com/promos/rbl-nce-07072023.html?detail_image=no,RBL Bank Platinum Prime Credit Card
https://promos.makemytrip.com/appfest/2x/idfc-05012023.jpg,Grab Up to 35% OFF* + Interest-FREE* EMI,"on domestic & international flight, stays and holiday packages!",Expires on 31 Jul,https://www.makemytrip.com/promos/rbl-nce-07072023.html?detail_image=no,RBL Bank World Max MasterCard Credit Card
https://promos.makemytrip.com/appfest/2x/idfc-05012023.jpg,Grab Up to 35% OFF* + Interest-FREE* EMI,"on domestic & international flight, stays and holiday packages!",Expires on 31 Jul,https://www.makemytrip.com/promos/rbl-nce-07072023.html?detail_image=no,RBL Bank World Max Credit Card
https://promos.makemytrip.com/appfest/2x/idfc-05012023.jpg,Grab Up to 35% OFF* + Interest-FREE* EMI,"on domestic & international flight, stays and holiday packages!",Expires on 31 Jul,https://www.makemytrip.com/promos/rbl-nce-07072023.html?detail_image=no,RBL Bank Platinum ValuePlus MasterCard Credit Card
https://promos.makemytrip.com/appfest/2x/idfc-05012023.jpg,Grab Up to 35% OFF* + Interest-FREE* EMI,"on domestic & international flight, stays and holiday packages!",Expires on 31 Jul,https://www.makemytrip.com/promos/rbl-nce-07072023.html?detail_image=no,RBL Bank Platinum ValuePlus Visa Credit Card
https://promos.makemytrip.com/appfest/2x/idfc-05012023.jpg,Grab Up to 35% OFF* + Interest-FREE* EMI,"on domestic & international flight, stays and holiday packages!",Expires on 31 Jul,https://www.makemytrip.com/promos/rbl-nce-07072023.html?detail_image=no,RBL Bank Platinum ShopSmart MasterCard Credit Card
https://promos.makemytrip.com/appfest/2x/idfc-05012023.jpg,Grab Up to 35% OFF* + Interest-FREE* EMI,"on domestic & international flight, stays and holiday packages!",Expires on 31 Jul,https://www.makemytrip.com/promos/rbl-nce-07072023.html?detail_image=no,RBL Bank Platinum Shopsmart Credit Card
https://promos.makemytrip.com/appfest/2x/idfc-05012023.jpg,Grab Up to 35% OFF* + Interest-FREE* EMI,"on domestic & international flight, stays and holiday packages!",Expires on 31 Jul,https://www.makemytrip.com/promos/rbl-nce-07072023.html?detail_image=no,RBL Bank Platinum TravelEasy Credit Card
https://promos.makemytrip.com/appfest/2x/idfc-05012023.jpg,Grab Up to 35% OFF* + Interest-FREE* EMI,"on domestic & international flight, stays and holiday packages!",Expires on 31 Jul,https://www.makemytrip.com/promos/rbl-nce-07072023.html?detail_image=no,RBL Bank Platinum TravelEasy Visa Credit Card
https://promos.makemytrip.com/appfest/2x/idfc-05012023.jpg,Grab Up to 35% OFF* + Interest-FREE* EMI,"on domestic & international flight, stays and holiday packages!",Expires on 31 Jul,https://www.makemytrip.com/promos/rbl-nce-07072023.html?detail_image=no,RBL Bank World Prime Credit Card
https://promos.makemytrip.com/appfest/2x/idfc-05012023.jpg,Grab Up to 35% OFF* + Interest-FREE* EMI,"on domestic & international flight, stays and holiday packages!",Expires on 31 Jul,https://www.makemytrip.com/promos/rbl-nce-07072023.html?detail_image=no,RBL Bank World Prime Visa Credit Card
https://promos.makemytrip.com/appfest/2x/idfc-05012023.jpg,Grab Up to 35% OFF* + Interest-FREE* EMI,"on domestic & international flight, stays and holiday packages!",Expires on 31 Jul,https://www.makemytrip.com/promos/rbl-nce-07072023.html?detail_image=no,RBL Bank Platinum Plus Credit Card
https://promos.makemytrip.com/appfest/2x/idfc-05012023.jpg,Grab Up to 35% OFF* + Interest-FREE* EMI,"on domestic & international flight, stays and holiday packages!",Expires on 31 Jul,https://www.makemytrip.com/promos/rbl-nce-07072023.html?detail_image=no,RBL Bank Platinum Plus Visa Credit Card
https://promos.makemytrip.com/appfest/2x/idfc-05012023.jpg,Grab Up to 35% OFF* + Interest-FREE* EMI,"on domestic & international flight, stays and holiday packages!",Expires on 31 Jul,https://www.makemytrip.com/promos/rbl-nce-07072023.html?detail_image=no,RBL Bank Platinum ShopDaily Credit Card
https://promos.makemytrip.com/appfest/2x/idfc-05012023.jpg,Grab Up to 35% OFF* + Interest-FREE* EMI,"on domestic & international flight, stays and holiday packages!",Expires on 31 Jul,https://www.makemytrip.com/promos/rbl-nce-07072023.html?detail_image=no,RBL Bank Platinum ShopDaily Visa Credit Card
https://promos.makemytrip.com/appfest/2x/idfc-05012023.jpg,Grab Up to 35% OFF* + Interest-FREE* EMI,"on domestic & international flight, stays and holiday packages!",Expires on 31 Jul,https://www.makemytrip.com/promos/rbl-nce-07072023.html?detail_image=no,RBL Bank Platinum Edge Credit Card
https://promos.makemytrip.com/appfest/2x/idfc-05012023.jpg,Grab Up to 35% OFF* + Interest-FREE* EMI,"on domestic & international flight, stays and holiday packages!",Expires on 31 Jul,https://www.makemytrip.com/promos/rbl-nce-07072023.html?detail_image=no,RBL Bank Platinum Edge MasterCard
https://promos.makemytrip.com/appfest/2x/idfc-05012023.jpg,Grab Up to 35% OFF* + Interest-FREE* EMI,"on domestic & international flight, stays and holiday packages!",Expires on 31 Jul,https://www.makemytrip.com/promos/rbl-nce-07072023.html?detail_image=no,RBL Bank Platinum LifeEasy Visa Credit Card
https://promos.makemytrip.com/appfest/2x/idfc-05012023.jpg,Grab Up to 35% OFF* + Interest-FREE* EMI,"on domestic & international flight, stays and holiday packages!",Expires on 31 Jul,https://www.makemytrip.com/promos/rbl-nce-07072023.html?detail_image=no,RBL Bank Platinum LifeEasy Credit Card
https://promos.makemytrip.com/appfest/2x/idfc-05012023.jpg,Grab Up to 35% OFF* + Interest-FREE* EMI,"on domestic & international flight, stays and holiday packages!",Expires on 31 Jul,https://www.makemytrip.com/promos/rbl-nce-07072023.html?detail_image=no,RBL Bank DMI Finance Credit Card
https://promos.makemytrip.com/appfest/2x/idfc-05012023.jpg,Grab Up to 35% OFF* + Interest-FREE* EMI,"on domestic & international flight, stays and holiday packages!",Expires on 31 Jul,https://www.makemytrip.com/promos/rbl-nce-07072023.html?detail_image=no,RBL Bank Play Credit Card
https://promos.makemytrip.com/appfest/2x/idfc-05012023.jpg,Grab Up to 35% OFF* + Interest-FREE* EMI,"on domestic & international flight, stays and holiday packages!",Expires on 31 Jul,https://www.makemytrip.com/promos/rbl-nce-07072023.html?detail_image=no,RBL Bank Novio RuPay Credit Card
https://promos.makemytrip.com/appfest/2x/idfc-05012023.jpg,Grab Up to 35% OFF* + Interest-FREE* EMI,"on domestic & international flight, stays and holiday packages!",Expires on 31 Jul,https://www.makemytrip.com/promos/rbl-nce-07072023.html?detail_image=no,IndianOil RBL Bank MasterCard Credit Card
https://promos.makemytrip.com/appfest/2x/idfc-05012023.jpg,Grab Up to 35% OFF* + Interest-FREE* EMI,"on domestic & international flight, stays and holiday packages!",Expires on 31 Jul,https://www.makemytrip.com/promos/rbl-nce-07072023.html?detail_image=no,TVS Credit RBL Bank Gold Mastercard Card
https://promos.makemytrip.com/appfest/2x/idfc-05012023.jpg,Grab Up to 35% OFF* + Interest-FREE* EMI,"on domestic & international flight, stays and holiday packages!",Expires on 31 Jul,https://www.makemytrip.com/promos/rbl-nce-07072023.html?detail_image=no,TVS Credit RBL Bank Card
https://promos.makemytrip.com/appfest/2x/idfc-05012023.jpg,Grab Up to 35% OFF* + Interest-FREE* EMI,"on domestic & international flight, stays and holiday packages!",Expires on 31 Jul,https://www.makemytrip.com/promos/rbl-nce-07072023.html?detail_image=no,RBL Bank SalarySe Up RuPay Credit Card
https://promos.makemytrip.com/appfest/2x/idfc-05012023.jpg,Grab Up to 35% OFF* + Interest-FREE* EMI,"on domestic & international flight, stays and holiday packages!",Expires on 31 Jul,https://www.makemytrip.com/promos/rbl-nce-07072023.html?detail_image=no,RBL Bank Patanjali Vishisht RuPay Card
https://promos.makemytrip.com/appfest/2x/idfc-05012023.jpg,Grab Up to 35% OFF* + Interest-FREE* EMI,"on domestic & international flight, stays and holiday packages!",Expires on 31 Jul,https://www.makemytrip.com/promos/rbl-nce-07072023.html?detail_image=no,Indianoil RBL Bank Xtra Credit Card
https://promos.makemytrip.com/appfest/2x/idfc-05012023.jpg,Grab Up to 35% OFF* + Interest-FREE* EMI,"on domestic & international flight, stays and holiday packages!",Expires on 31 Jul,https://www.makemytrip.com/promos/rbl-nce-07072023.html?detail_image=no,RBL Bank Patanjali Swarn RuPay Card
https://promos.makemytrip.com/appfest/2x/idfc-05012023.jpg,Grab Up to 35% OFF* + Interest-FREE* EMI,"on domestic & international flight, stays and holiday packages!",Expires on 31 Jul,https://www.makemytrip.com/promos/rbl-nce-07072023.html?detail_image=no,RBL Bank Movies and More Credit Card
,,,,,
https://promos.makemytrip.com/appfest/2x/idfc-05012023.jpg,Grab Up to 35% OFF* + Interest-FREE* EMI,"on domestic & international flight, stays and holiday packages!",Expires on 31 Jul,https://www.makemytrip.com/promos/rbl-nce-07072023.html?detail_image=no,RBL Bank Shoprite Credit Card
https://promos.makemytrip.com/appfest/2x/idfc-05012023.jpg,Grab Up to 35% OFF* + Interest-FREE* EMI,"on domestic & international flight, stays and holiday packages!",Expires on 31 Jul,https://www.makemytrip.com/promos/rbl-nce-07072023.html?detail_image=no,RBL Bank Play Credit Card
https://promos.makemytrip.com/appfest/2x/idfc-05012023.jpg,Grab Up to 35% OFF* + Interest-FREE* EMI,"on domestic & international flight, stays and holiday packages!",Expires on 31 Jul,https://www.makemytrip.com/promos/rbl-nce-07072023.html?detail_image=no,RBL Bank Platinum Delight Credit Card
https://promos.makemytrip.com/appfest/2x/idfc-05012023.jpg,Grab Up to 35% OFF* + Interest-FREE* EMI,"on domestic & international flight, stays and holiday packages!",Expires on 31 Jul,https://www.makemytrip.com/promos/rbl-nce-07072023.html?detail_image=no,RBL Bank World Safari Credit Card
https://promos.makemytrip.com/appfest/2x/idfc-05012023.jpg,Grab Up to 35% OFF* + Interest-FREE* EMI,"on domestic & international flight, stays and holiday packages!",Expires on 31 Jul,https://www.makemytrip.com/promos/rbl-nce-07072023.html?detail_image=no,Bankbazaar Savemax Pro Credit Card
https://promos.makemytrip.com/appfest/2x/idfc-05012023.jpg,Grab Up to 35% OFF* + Interest-FREE* EMI,"on domestic & international flight, stays and holiday packages!",Expires on 31 Jul,https://www.makemytrip.com/promos/rbl-nce-07072023.html?detail_image=no,RBL Bank Lazy Pay Credit Card
https://promos.makemytrip.com/appfest/2x/idfc-05012023.jpg,Grab Up to 35% OFF* + Interest-FREE* EMI,"on domestic & international flight, stays and holiday packages!",Expires on 31 Jul,https://www.makemytrip.com/promos/rbl-nce-07072023.html?detail_image=no,RBL Bank MoneyTap Black Card
https://promos.makemytrip.com/appfest/2x/idfc-05012023.jpg,Grab Up to 35% OFF* + Interest-FREE* EMI,"on domestic & international flight, stays and holiday packages!",Expires on 31 Jul,https://www.makemytrip.com/promos/rbl-nce-07072023.html?detail_image=no,RBL Platinum Maxima Plus Card
https://promos.makemytrip.com/appfest/2x/idfc-05012023.jpg,Grab Up to 35% OFF* + Interest-FREE* EMI,"on domestic & international flight, stays and holiday packages!",Expires on 31 Jul,https://www.makemytrip.com/promos/rbl-nce-07072023.html?detail_image=no,RBL Bank MoneyTap Credit Card
https://promos.makemytrip.com/appfest/2x/idfc-05012023.jpg,Grab Up to 35% OFF* + Interest-FREE* EMI,"on domestic & international flight, stays and holiday packages!",Expires on 31 Jul,https://www.makemytrip.com/promos/rbl-nce-07072023.html?detail_image=no,RBL Bank Icon Credit Card
https://promos.makemytrip.com/appfest/2x/idfc-05012023.jpg,Grab Up to 35% OFF* + Interest-FREE* EMI,"on domestic & international flight, stays and holiday packages!",Expires on 31 Jul,https://www.makemytrip.com/promos/rbl-nce-07072023.html?detail_image=no,RBL Bank Monthly Treats Credit Card
https://promos.makemytrip.com/appfest/2x/idfc-05012023.jpg,Grab Up to 35% OFF* + Interest-FREE* EMI,"on domestic & international flight, stays and holiday packages!",Expires on 31 Jul,https://www.makemytrip.com/promos/rbl-nce-07072023.html?detail_image=no,RBL Bank iGlobe Credit Card
https://promos.makemytrip.com/appfest/2x/idfc-05012023.jpg,Grab Up to 35% OFF* + Interest-FREE* EMI,"on domestic & international flight, stays and holiday packages!",Expires on 31 Jul,https://www.makemytrip.com/promos/rbl-nce-07072023.html?detail_image=no,RBL Bank Paisabazaar Duet Plus Card
https://promos.makemytrip.com/appfest/2x/idfc-05012023.jpg,Grab Up to 35% OFF* + Interest-FREE* EMI,"on domestic & international flight, stays and holiday packages!",Expires on 31 Jul,https://www.makemytrip.com/promos/rbl-nce-07072023.html?detail_image=no,IRCTC RBL Bank Credit Card
https://promos.makemytrip.com/appfest/2x/idfc-05012023.jpg,Grab Up to 35% OFF* + Interest-FREE* EMI,"on domestic & international flight, stays and holiday packages!",Expires on 31 Jul,https://www.makemytrip.com/promos/rbl-nce-07072023.html?detail_image=no,RBL Bank Cookie Credit Card
https://promos.makemytrip.com/appfest/2x/idfc-05012023.jpg,Grab Up to 35% OFF* + Interest-FREE* EMI,"on domestic & international flight, stays and holiday packages!",Expires on 31 Jul,https://www.makemytrip.com/promos/rbl-nce-07072023.html?detail_image=no,IndianOil RBL Bank RuPay Credit Card
https://promos.makemytrip.com/appfest/2x/idfc-05012023.jpg,Grab Up to 35% OFF* + Interest-FREE* EMI,"on domestic & international flight, stays and holiday packages!",Expires on 31 Jul,https://www.makemytrip.com/promos/rbl-nce-07072023.html?detail_image=no,IndianOil RBL Bank XTRA RuPay Credit Card
https://promos.makemytrip.com/appfest/2x/idfc-05012023.jpg,Grab Up to 35% OFF* + Interest-FREE* EMI,"on domestic & international flight, stays and holiday packages!",Expires on 31 Jul,https://www.makemytrip.com/promos/rbl-nce-07072023.html?detail_image=no,RBL Bank Bankbazaar Savemax Credit Card
https://promos.makemytrip.com/appfest/2x/idfc-05012023.jpg,Grab Up to 35% OFF* + Interest-FREE* EMI,"on domestic & international flight, stays and holiday packages!",Expires on 31 Jul,https://www.makemytrip.com/promos/rbl-nce-07072023.html?detail_image=no,RBL Bank Platinum Maxima Credit Card
https://promos.makemytrip.com/appfest/2x/idfc-05012023.jpg,Grab Up to 35% OFF* + Interest-FREE* EMI,"on domestic & international flight, stays and holiday packages!",Expires on 31 Jul,https://www.makemytrip.com/promos/rbl-nce-07072023.html?detail_image=no,RBL Bank VCard
https://promos.makemytrip.com/appfest/2x/idfc-05012023.jpg,Grab Up to 35% OFF* + Interest-FREE* EMI,"on domestic & international flight, stays and holiday packages!",Expires on 31 Jul,https://www.makemytrip.com/promos/rbl-nce-07072023.html?detail_image=no,RBL Bank Insignia Preferred Banking Card
https://promos.makemytrip.com/appfest/2x/idfc-05012023.jpg,Grab Up to 35% OFF* + Interest-FREE* EMI,"on domestic & international flight, stays and holiday packages!",Expires on 31 Jul,https://www.makemytrip.com/promos/rbl-nce-07072023.html?detail_image=no,RBL Bank Mocash Credit Card
https://promos.makemytrip.com/appfest/2x/idfc-05012023.jpg,Grab Up to 35% OFF* + Interest-FREE* EMI,"on domestic & international flight, stays and holiday packages!",Expires on 31 Jul,https://www.makemytrip.com/promos/rbl-nce-07072023.html?detail_image=no,RBL Bank Paisabazaar Duet Card
https://promos.makemytrip.com/appfest/2x/idfc-05012023.jpg,For Worry-free Travel: Grab Up to 30% OFF*," 3- & 6-months interest-free EMI on flights, stays and holiday packag...",Starts on 18 Jul,https://www.makemytrip.com/promos/idfc-nce-07012023.html?detail_image=no,IDFC Bank First Millennia Credit Card
https://promos.makemytrip.com/appfest/2x/idfc-05012023.jpg,For Worry-free Travel: Grab Up to 30% OFF*," 3- & 6-months interest-free EMI on flights, stays and holiday packag...",Starts on 18 Jul,https://www.makemytrip.com/promos/idfc-nce-07012023.html?detail_image=no,IDFC First Power RuPay Credit Card
https://promos.makemytrip.com/appfest/2x/idfc-05012023.jpg,For Worry-free Travel: Grab Up to 30% OFF*," 3- & 6-months interest-free EMI on flights, stays and holiday packag...",Starts on 18 Jul,https://www.makemytrip.com/promos/idfc-nce-07012023.html?detail_image=no,IDFC First Select Credit Card
https://promos.makemytrip.com/appfest/2x/idfc-05012023.jpg,For Worry-free Travel: Grab Up to 30% OFF*," 3- & 6-months interest-free EMI on flights, stays and holiday packag...",Starts on 18 Jul,https://www.makemytrip.com/promos/idfc-nce-07012023.html?detail_image=no,IDFC First Classic Credit Card
https://promos.makemytrip.com/appfest/2x/idfc-05012023.jpg,For Worry-free Travel: Grab Up to 30% OFF*," 3- & 6-months interest-free EMI on flights, stays and holiday packag...",Starts on 18 Jul,https://www.makemytrip.com/promos/idfc-nce-07012023.html?detail_image=no,IDFC First Earn RuPay Credit Card
https://promos.makemytrip.com/appfest/2x/idfc-05012023.jpg,For Worry-free Travel: Grab Up to 30% OFF*," 3- & 6-months interest-free EMI on flights, stays and holiday packag...",Starts on 18 Jul,https://www.makemytrip.com/promos/idfc-nce-07012023.html?detail_image=no,IDFC First Power+ RuPay Credit Card
https://promos.makemytrip.com/appfest/2x/idfc-05012023.jpg,For Worry-free Travel: Grab Up to 30% OFF*," 3- & 6-months interest-free EMI on flights, stays and holiday packag...",Starts on 18 Jul,https://www.makemytrip.com/promos/idfc-nce-07012023.html?detail_image=no,IDFC First SWYP Credit Card
https://promos.makemytrip.com/appfest/2x/idfc-05012023.jpg,For Worry-free Travel: Grab Up to 30% OFF*," 3- & 6-months interest-free EMI on flights, stays and holiday packag...",Starts on 18 Jul,https://www.makemytrip.com/promos/idfc-nce-07012023.html?detail_image=no,IDFC First Wealth Credit Card
https://promos.makemytrip.com/appfest/2x/idfc-05012023.jpg,For Worry-free Travel: Grab Up to 30% OFF*," 3- & 6-months interest-free EMI on flights, stays and holiday packag...",Starts on 18 Jul,https://www.makemytrip.com/promos/idfc-nce-07012023.html?detail_image=no,IDFC Mayura Credit Card
https://promos.makemytrip.com/appfest/2x/idfc-05012023.jpg,For Worry-free Travel: Grab Up to 30% OFF*," 3- & 6-months interest-free EMI on flights, stays and holiday packag...",Starts on 18 Jul,https://www.makemytrip.com/promos/idfc-nce-07012023.html?detail_image=no,IDFC First Private Credit Card
https://promos.makemytrip.com/appfest/2x/idfc-05012023.jpg,For Worry-free Travel: Grab Up to 30% OFF*," 3- & 6-months interest-free EMI on flights, stays and holiday packag...",Starts on 18 Jul,https://www.makemytrip.com/promos/idfc-nce-07012023.html?detail_image=no,IDFC First Ashva Credit Card
https://promos.makemytrip.com/appfest/2x/idfc-05012023.jpg,For Worry-free Travel: Grab Up to 30% OFF*," 3- & 6-months interest-free EMI on flights, stays and holiday packag...",Starts on 18 Jul,https://www.makemytrip.com/promos/idfc-nce-07012023.html?detail_image=no,IDFC First Wow Credit Card
https://promos.makemytrip.com/appfest/2x/dh-bg-30062023.jpg,"Grab Upto 17% OFF on 3, 4 & 5-Star Stays in India","and treat yourself to a refreshing, luxurious break.",Starts on 21 Jul,https://www.makemytrip.com/promos/dh-icici-02012023.html?detail_image=no,ICICI Bank Rubyx RuPay Credit Card
https://promos.makemytrip.com/appfest/2x/dh-bg-30062023.jpg,"Grab Upto 17% OFF on 3, 4 & 5-Star Stays in India","and treat yourself to a refreshing, luxurious break.",Starts on 21 Jul,https://www.makemytrip.com/promos/dh-icici-02012023.html?detail_image=no,ICICI Bank Coral RuPay Credit Card
https://promos.makemytrip.com/appfest/2x/dh-bg-30062023.jpg,"Grab Upto 17% OFF on 3, 4 & 5-Star Stays in India","and treat yourself to a refreshing, luxurious break.",Starts on 21 Jul,https://www.makemytrip.com/promos/dh-icici-02012023.html?detail_image=no,ICICI Bank HPCL Super Saver RuPay Credit Card
https://promos.makemytrip.com/appfest/2x/dh-bg-30062023.jpg,"Grab Upto 17% OFF on 3, 4 & 5-Star Stays in India","and treat yourself to a refreshing, luxurious break.",Starts on 21 Jul,https://www.makemytrip.com/promos/dh-icici-02012023.html?detail_image=no,ICICI Bank Instant Platinum Credit Card
https://promos.makemytrip.com/appfest/2x/dh-bg-30062023.jpg,"Grab Upto 17% OFF on 3, 4 & 5-Star Stays in India","and treat yourself to a refreshing, luxurious break.",Starts on 21 Jul,https://www.makemytrip.com/promos/dh-icici-02012023.html?detail_image=no,ICICI Bank Sapphiro Credit Card
https://promos.makemytrip.com/appfest/2x/dh-bg-30062023.jpg,"Grab Upto 17% OFF on 3, 4 & 5-Star Stays in India","and treat yourself to a refreshing, luxurious break.",Starts on 21 Jul,https://www.makemytrip.com/promos/dh-icici-02012023.html?detail_image=no,ICICI Bank HPCL Super Saver Credit Card
https://promos.makemytrip.com/appfest/2x/dh-bg-30062023.jpg,"Grab Upto 17% OFF on 3, 4 & 5-Star Stays in India","and treat yourself to a refreshing, luxurious break.",Starts on 21 Jul,https://www.makemytrip.com/promos/dh-icici-02012023.html?detail_image=no,Accelero ICICI Bank Credit Card
https://promos.makemytrip.com/appfest/2x/dh-bg-30062023.jpg,"Grab Upto 17% OFF on 3, 4 & 5-Star Stays in India","and treat yourself to a refreshing, luxurious break.",Starts on 21 Jul,https://www.makemytrip.com/promos/dh-icici-02012023.html?detail_image=no,ICICI Bank Manchester United Platinum Credit Card
https://promos.makemytrip.com/appfest/2x/dh-bg-30062023.jpg,"Grab Upto 17% OFF on 3, 4 & 5-Star Stays in India","and treat yourself to a refreshing, luxurious break.",Starts on 21 Jul,https://www.makemytrip.com/promos/dh-icici-02012023.html?detail_image=no,Amazon Pay ICICI Bank Credit Card
https://promos.makemytrip.com/appfest/2x/dh-bg-30062023.jpg,"Grab Upto 17% OFF on 3, 4 & 5-Star Stays in India","and treat yourself to a refreshing, luxurious break.",Starts on 21 Jul,https://www.makemytrip.com/promos/dh-icici-02012023.html?detail_image=no,ICICI Bank Rubyx Credit Card
https://promos.makemytrip.com/appfest/2x/dh-bg-30062023.jpg,"Grab Upto 17% OFF on 3, 4 & 5-Star Stays in India","and treat yourself to a refreshing, luxurious break.",Starts on 21 Jul,https://www.makemytrip.com/promos/dh-icici-02012023.html?detail_image=no,Adani One ICICI Platinum Credit Card
https://promos.makemytrip.com/appfest/2x/dh-bg-30062023.jpg,"Grab Upto 17% OFF on 3, 4 & 5-Star Stays in India","and treat yourself to a refreshing, luxurious break.",Starts on 21 Jul,https://www.makemytrip.com/promos/dh-icici-02012023.html?detail_image=no,ICICI Bank Manchester United Signature Credit Card
https://promos.makemytrip.com/appfest/2x/dh-bg-30062023.jpg,"Grab Upto 17% OFF on 3, 4 & 5-Star Stays in India","and treat yourself to a refreshing, luxurious break.",Starts on 21 Jul,https://www.makemytrip.com/promos/dh-icici-02012023.html?detail_image=no,ICICI Bank Expressions Credit Card
https://promos.makemytrip.com/appfest/2x/dh-bg-30062023.jpg,"Grab Upto 17% OFF on 3, 4 & 5-Star Stays in India","and treat yourself to a refreshing, luxurious break.",Starts on 21 Jul,https://www.makemytrip.com/promos/dh-icici-02012023.html?detail_image=no,ICICI Parakram Credit Card
https://promos.makemytrip.com/appfest/2x/dh-bg-30062023.jpg,"Grab Upto 17% OFF on 3, 4 & 5-Star Stays in India","and treat yourself to a refreshing, luxurious break.",Starts on 21 Jul,https://www.makemytrip.com/promos/dh-icici-02012023.html?detail_image=no,ICICI Bank Times Black Credit Card
https://promos.makemytrip.com/appfest/2x/dh-bg-30062023.jpg,"Grab Upto 17% OFF on 3, 4 & 5-Star Stays in India","and treat yourself to a refreshing, luxurious break.",Starts on 21 Jul,https://www.makemytrip.com/promos/dh-icici-02012023.html?detail_image=no,Adani One ICICI Signature Credit Card
https://promos.makemytrip.com/appfest/2x/dh-bg-30062023.jpg,"Grab Upto 17% OFF on 3, 4 & 5-Star Stays in India","and treat yourself to a refreshing, luxurious break.",Starts on 21 Jul,https://www.makemytrip.com/promos/dh-icici-02012023.html?detail_image=no,Chennai Super Kings ICICI Bank Credit Card.
https://promos.makemytrip.com/appfest/2x/dh-bg-30062023.jpg,"Grab Upto 17% OFF on 3, 4 & 5-Star Stays in India","and treat yourself to a refreshing, luxurious break.",Starts on 21 Jul,https://www.makemytrip.com/promos/dh-icici-02012023.html?detail_image=no,ICICI HPCL Coral Credit Card
https://promos.makemytrip.com/appfest/2x/dh-bg-30062023.jpg,"Grab Upto 17% OFF on 3, 4 & 5-Star Stays in India","and treat yourself to a refreshing, luxurious break.",Starts on 21 Jul,https://www.makemytrip.com/promos/dh-icici-02012023.html?detail_image=no,ICICI Bank Coral Credit Card
https://promos.makemytrip.com/appfest/2x/dh-bg-30062023.jpg,"Grab Upto 17% OFF on 3, 4 & 5-Star Stays in India","and treat yourself to a refreshing, luxurious break.",Starts on 21 Jul,https://www.makemytrip.com/promos/dh-icici-02012023.html?detail_image=no,ICICI Bank Emeralde Credit Card
https://promos.makemytrip.com/appfest/2x/dh-bg-30062023.jpg,"Grab Upto 17% OFF on 3, 4 & 5-Star Stays in India","and treat yourself to a refreshing, luxurious break.",Starts on 21 Jul,https://www.makemytrip.com/promos/dh-icici-02012023.html?detail_image=no,ICICI Parakram Select Credit Card
https://promos.makemytrip.com/appfest/2x/dh-bg-30062023.jpg,"Grab Upto 17% OFF on 3, 4 & 5-Star Stays in India","and treat yourself to a refreshing, luxurious break.",Starts on 21 Jul,https://www.makemytrip.com/promos/dh-icici-02012023.html?detail_image=no,Emirates Skywards Rubyx Credit Card
https://promos.makemytrip.com/appfest/2x/dh-bg-30062023.jpg,"Grab Upto 17% OFF on 3, 4 & 5-Star Stays in India","and treat yourself to a refreshing, luxurious break.",Starts on 21 Jul,https://www.makemytrip.com/promos/dh-icici-02012023.html?detail_image=no,ICICI Bank Sapphiro Credit Card
https://promos.makemytrip.com/appfest/2x/dh-bg-30062023.jpg,"Grab Upto 17% OFF on 3, 4 & 5-Star Stays in India","and treat yourself to a refreshing, luxurious break.",Starts on 21 Jul,https://www.makemytrip.com/promos/dh-icici-02012023.html?detail_image=no,IndusInd InterMiles
https://promos.makemytrip.com/appfest/2x/dh-bg-30062023.jpg,"Grab Upto 17% OFF on 3, 4 & 5-Star Stays in India","and treat yourself to a refreshing, luxurious break.",Starts on 21 Jul,https://www.makemytrip.com/promos/dh-icici-02012023.html?detail_image=no,MakeMyTrip ICICI Bank Credit Card
https://promos.makemytrip.com/appfest/2x/dh-bg-30062023.jpg,"Grab Upto 17% OFF on 3, 4 & 5-Star Stays in India","and treat yourself to a refreshing, luxurious break.",Starts on 21 Jul,https://www.makemytrip.com/promos/dh-icici-02012023.html?detail_image=no,ICICI Bank Platinum Chip Credit Card
https://promos.makemytrip.com/appfest/2x/dh-bg-30062023.jpg,"Grab Upto 17% OFF on 3, 4 & 5-Star Stays in India","and treat yourself to a refreshing, luxurious break.",Starts on 21 Jul,https://www.makemytrip.com/promos/dh-icici-02012023.html?detail_image=no,Makemytrip ICICI Bank Signature Credit Card
https://promos.makemytrip.com/appfest/2x/dh-bg-30062023.jpg,"Grab Upto 17% OFF on 3, 4 & 5-Star Stays in India","and treat yourself to a refreshing, luxurious break.",Starts on 21 Jul,https://www.makemytrip.com/promos/dh-icici-02012023.html?detail_image=no,Emirates Skywards ICICI Bank Emerald Credit Card

