Offer Title,Description,validity,Image,Link,Eligible Credit Cards,Eligible Debit Cards
"Flat 20% OFF (max. Rs.7,500)",Coupon Code : AMEXEMI,30-Oct-25,https://www.yatra.com/ythomepagecms/media/todayspick_hotels/2025/Sep/c3e2bea0a774ffb24c003e59a34e5220.jpg,https://www.yatra.com/offer/details/american-express-card-emi-offers,American Express Gold Charge Card,
"Flat 20% OFF (max. Rs.7,500)",Coupon Code : AMEXEMI,30-Oct-25,https://www.yatra.com/ythomepagecms/media/todayspick_hotels/2025/Sep/c3e2bea0a774ffb24c003e59a34e5220.jpg,https://www.yatra.com/offer/details/american-express-card-emi-offers,American Express Membership Rewards Credit Card,
"Flat 20% OFF (max. Rs.7,500)",Coupon Code : AMEXEMI,30-Oct-25,https://www.yatra.com/ythomepagecms/media/todayspick_hotels/2025/Sep/c3e2bea0a774ffb24c003e59a34e5220.jpg,https://www.yatra.com/offer/details/american-express-card-emi-offers,American Express Platinum Charge Card,
"Flat 20% OFF (max. Rs.7,500)",Coupon Code : AMEXEMI,30-Oct-25,https://www.yatra.com/ythomepagecms/media/todayspick_hotels/2025/Sep/c3e2bea0a774ffb24c003e59a34e5220.jpg,https://www.yatra.com/offer/details/american-express-card-emi-offers,American Express Platinum Reserve Credit Card,
"Flat 20% OFF (max. Rs.7,500)",Coupon Code : AMEXEMI,30-Oct-25,https://www.yatra.com/ythomepagecms/media/todayspick_hotels/2025/Sep/c3e2bea0a774ffb24c003e59a34e5220.jpg,https://www.yatra.com/offer/details/american-express-card-emi-offers,American Express Platinum Travel Credit Card,
"Flat 20% OFF (max. Rs.7,500)",Coupon Code : AMEXEMI,30-Oct-25,https://www.yatra.com/ythomepagecms/media/todayspick_hotels/2025/Sep/c3e2bea0a774ffb24c003e59a34e5220.jpg,https://www.yatra.com/offer/details/american-express-card-emi-offers,American Express Smartearn Credit Card,
"Flat 15% OFF (up to Rs.5,000)",Coupon Code : YTRBLEMI,31-Dec-25,https://www.yatra.com/ythomepagecms/media/todayspick_hotels/2025/Jan/2c227c590deca2afef3de92f15ec26ca.jpg,https://www.yatra.com/offer/details/rbl-card-emi-offers,IRCTC RBL Bank Credit Card,
"Flat 15% OFF (up to Rs.5,000)",Coupon Code : YTRBLEMI,31-Dec-25,https://www.yatra.com/ythomepagecms/media/todayspick_hotels/2025/Jan/2c227c590deca2afef3de92f15ec26ca.jpg,https://www.yatra.com/offer/details/rbl-card-emi-offers,IndianOil RBL Bank Credit Card,
"Flat 15% OFF (up to Rs.5,000)",Coupon Code : YTRBLEMI,31-Dec-25,https://www.yatra.com/ythomepagecms/media/todayspick_hotels/2025/Jan/2c227c590deca2afef3de92f15ec26ca.jpg,https://www.yatra.com/offer/details/rbl-card-emi-offers,IndianOil RBL Bank RuPay Credit Card,
"Flat 15% OFF (up to Rs.5,000)",Coupon Code : YTRBLEMI,31-Dec-25,https://www.yatra.com/ythomepagecms/media/todayspick_hotels/2025/Jan/2c227c590deca2afef3de92f15ec26ca.jpg,https://www.yatra.com/offer/details/rbl-card-emi-offers,IndianOil RBL Bank XTRA RuPay Credit Card,
"Flat 15% OFF (up to Rs.5,000)",Coupon Code : YTRBLEMI,31-Dec-25,https://www.yatra.com/ythomepagecms/media/todayspick_hotels/2025/Jan/2c227c590deca2afef3de92f15ec26ca.jpg,https://www.yatra.com/offer/details/rbl-card-emi-offers,Indianoil RBL Bank Xtra Credit Card,
"Flat 15% OFF (up to Rs.5,000)",Coupon Code : YTRBLEMI,31-Dec-25,https://www.yatra.com/ythomepagecms/media/todayspick_hotels/2025/Jan/2c227c590deca2afef3de92f15ec26ca.jpg,https://www.yatra.com/offer/details/rbl-card-emi-offers,RBL Bank Bankbazaar Savemax Credit Card,
"Flat 15% OFF (up to Rs.5,000)",Coupon Code : YTRBLEMI,31-Dec-25,https://www.yatra.com/ythomepagecms/media/todayspick_hotels/2025/Jan/2c227c590deca2afef3de92f15ec26ca.jpg,https://www.yatra.com/offer/details/rbl-card-emi-offers,RBL Bank Bankbazaar Savemax Pro Credit Card,
"Flat 15% OFF (up to Rs.5,000)",Coupon Code : YTRBLEMI,31-Dec-25,https://www.yatra.com/ythomepagecms/media/todayspick_hotels/2025/Jan/2c227c590deca2afef3de92f15ec26ca.jpg,https://www.yatra.com/offer/details/rbl-card-emi-offers,RBL Bank Binge Credit Card,
"Flat 15% OFF (up to Rs.5,000)",Coupon Code : YTRBLEMI,31-Dec-25,https://www.yatra.com/ythomepagecms/media/todayspick_hotels/2025/Jan/2c227c590deca2afef3de92f15ec26ca.jpg,https://www.yatra.com/offer/details/rbl-card-emi-offers,RBL Bank Binge MasterCard Credit Card,
"Flat 15% OFF (up to Rs.5,000)",Coupon Code : YTRBLEMI,31-Dec-25,https://www.yatra.com/ythomepagecms/media/todayspick_hotels/2025/Jan/2c227c590deca2afef3de92f15ec26ca.jpg,https://www.yatra.com/offer/details/rbl-card-emi-offers,RBL Bank Cookie Credit Card,
"Flat 15% OFF (up to Rs.5,000)",Coupon Code : YTRBLEMI,31-Dec-25,https://www.yatra.com/ythomepagecms/media/todayspick_hotels/2025/Jan/2c227c590deca2afef3de92f15ec26ca.jpg,https://www.yatra.com/offer/details/rbl-card-emi-offers,RBL Bank DMI Finance Credit Card,
"Flat 15% OFF (up to Rs.5,000)",Coupon Code : YTRBLEMI,31-Dec-25,https://www.yatra.com/ythomepagecms/media/todayspick_hotels/2025/Jan/2c227c590deca2afef3de92f15ec26ca.jpg,https://www.yatra.com/offer/details/rbl-card-emi-offers,RBL Bank EasySaver Credit Card,
"Flat 15% OFF (up to Rs.5,000)",Coupon Code : YTRBLEMI,31-Dec-25,https://www.yatra.com/ythomepagecms/media/todayspick_hotels/2025/Jan/2c227c590deca2afef3de92f15ec26ca.jpg,https://www.yatra.com/offer/details/rbl-card-emi-offers,RBL Bank EasySaver Visa Credit Card,
"Flat 15% OFF (up to Rs.5,000)",Coupon Code : YTRBLEMI,31-Dec-25,https://www.yatra.com/ythomepagecms/media/todayspick_hotels/2025/Jan/2c227c590deca2afef3de92f15ec26ca.jpg,https://www.yatra.com/offer/details/rbl-card-emi-offers,RBL Bank Icon Credit Card,
"Flat 15% OFF (up to Rs.5,000)",Coupon Code : YTRBLEMI,31-Dec-25,https://www.yatra.com/ythomepagecms/media/todayspick_hotels/2025/Jan/2c227c590deca2afef3de92f15ec26ca.jpg,https://www.yatra.com/offer/details/rbl-card-emi-offers,RBL Bank Insignia Preferred Banking Card,
"Flat 15% OFF (up to Rs.5,000)",Coupon Code : YTRBLEMI,31-Dec-25,https://www.yatra.com/ythomepagecms/media/todayspick_hotels/2025/Jan/2c227c590deca2afef3de92f15ec26ca.jpg,https://www.yatra.com/offer/details/rbl-card-emi-offers,RBL Bank Lazy Pay Credit Card,
"Flat 15% OFF (up to Rs.5,000)",Coupon Code : YTRBLEMI,31-Dec-25,https://www.yatra.com/ythomepagecms/media/todayspick_hotels/2025/Jan/2c227c590deca2afef3de92f15ec26ca.jpg,https://www.yatra.com/offer/details/rbl-card-emi-offers,RBL Bank Mocash Credit Card,
"Flat 15% OFF (up to Rs.5,000)",Coupon Code : YTRBLEMI,31-Dec-25,https://www.yatra.com/ythomepagecms/media/todayspick_hotels/2025/Jan/2c227c590deca2afef3de92f15ec26ca.jpg,https://www.yatra.com/offer/details/rbl-card-emi-offers,RBL Bank MoneyTap Black Card,
"Flat 15% OFF (up to Rs.5,000)",Coupon Code : YTRBLEMI,31-Dec-25,https://www.yatra.com/ythomepagecms/media/todayspick_hotels/2025/Jan/2c227c590deca2afef3de92f15ec26ca.jpg,https://www.yatra.com/offer/details/rbl-card-emi-offers,RBL Bank MoneyTap Credit Card,
"Flat 15% OFF (up to Rs.5,000)",Coupon Code : YTRBLEMI,31-Dec-25,https://www.yatra.com/ythomepagecms/media/todayspick_hotels/2025/Jan/2c227c590deca2afef3de92f15ec26ca.jpg,https://www.yatra.com/offer/details/rbl-card-emi-offers,RBL Bank Monthly Treats Credit Card,
"Flat 15% OFF (up to Rs.5,000)",Coupon Code : YTRBLEMI,31-Dec-25,https://www.yatra.com/ythomepagecms/media/todayspick_hotels/2025/Jan/2c227c590deca2afef3de92f15ec26ca.jpg,https://www.yatra.com/offer/details/rbl-card-emi-offers,RBL Bank Movies and More Credit Card,
"Flat 15% OFF (up to Rs.5,000)",Coupon Code : YTRBLEMI,31-Dec-25,https://www.yatra.com/ythomepagecms/media/todayspick_hotels/2025/Jan/2c227c590deca2afef3de92f15ec26ca.jpg,https://www.yatra.com/offer/details/rbl-card-emi-offers,RBL Bank MyFirst Credit Card,
"Flat 15% OFF (up to Rs.5,000)",Coupon Code : YTRBLEMI,31-Dec-25,https://www.yatra.com/ythomepagecms/media/todayspick_hotels/2025/Jan/2c227c590deca2afef3de92f15ec26ca.jpg,https://www.yatra.com/offer/details/rbl-card-emi-offers,RBL Bank MyFirst Mastercard Credit Card,
"Flat 15% OFF (up to Rs.5,000)",Coupon Code : YTRBLEMI,31-Dec-25,https://www.yatra.com/ythomepagecms/media/todayspick_hotels/2025/Jan/2c227c590deca2afef3de92f15ec26ca.jpg,https://www.yatra.com/offer/details/rbl-card-emi-offers,RBL Bank Novio RuPay Credit Card,
"Flat 15% OFF (up to Rs.5,000)",Coupon Code : YTRBLEMI,31-Dec-25,https://www.yatra.com/ythomepagecms/media/todayspick_hotels/2025/Jan/2c227c590deca2afef3de92f15ec26ca.jpg,https://www.yatra.com/offer/details/rbl-card-emi-offers,RBL Bank Paisabazaar Duet Card,
"Flat 15% OFF (up to Rs.5,000)",Coupon Code : YTRBLEMI,31-Dec-25,https://www.yatra.com/ythomepagecms/media/todayspick_hotels/2025/Jan/2c227c590deca2afef3de92f15ec26ca.jpg,https://www.yatra.com/offer/details/rbl-card-emi-offers,RBL Bank Paisabazaar Duet Plus Card,
"Flat 15% OFF (up to Rs.5,000)",Coupon Code : YTRBLEMI,31-Dec-25,https://www.yatra.com/ythomepagecms/media/todayspick_hotels/2025/Jan/2c227c590deca2afef3de92f15ec26ca.jpg,https://www.yatra.com/offer/details/rbl-card-emi-offers,RBL Bank Patanjali Swarn RuPay Card,
"Flat 15% OFF (up to Rs.5,000)",Coupon Code : YTRBLEMI,31-Dec-25,https://www.yatra.com/ythomepagecms/media/todayspick_hotels/2025/Jan/2c227c590deca2afef3de92f15ec26ca.jpg,https://www.yatra.com/offer/details/rbl-card-emi-offers,RBL Bank Patanjali Vishisht RuPay Card,
"Flat 15% OFF (up to Rs.5,000)",Coupon Code : YTRBLEMI,31-Dec-25,https://www.yatra.com/ythomepagecms/media/todayspick_hotels/2025/Jan/2c227c590deca2afef3de92f15ec26ca.jpg,https://www.yatra.com/offer/details/rbl-card-emi-offers,RBL Bank Platinum Advantage Credit Card,
"Flat 15% OFF (up to Rs.5,000)",Coupon Code : YTRBLEMI,31-Dec-25,https://www.yatra.com/ythomepagecms/media/todayspick_hotels/2025/Jan/2c227c590deca2afef3de92f15ec26ca.jpg,https://www.yatra.com/offer/details/rbl-card-emi-offers,RBL Bank Platinum Bonus Credit Card,
"Flat 15% OFF (up to Rs.5,000)",Coupon Code : YTRBLEMI,31-Dec-25,https://www.yatra.com/ythomepagecms/media/todayspick_hotels/2025/Jan/2c227c590deca2afef3de92f15ec26ca.jpg,https://www.yatra.com/offer/details/rbl-card-emi-offers,RBL Bank Platinum Choice Credit Card,
"Flat 15% OFF (up to Rs.5,000)",Coupon Code : YTRBLEMI,31-Dec-25,https://www.yatra.com/ythomepagecms/media/todayspick_hotels/2025/Jan/2c227c590deca2afef3de92f15ec26ca.jpg,https://www.yatra.com/offer/details/rbl-card-emi-offers,RBL Bank Platinum Choice Visa Credit Card,
"Flat 15% OFF (up to Rs.5,000)",Coupon Code : YTRBLEMI,31-Dec-25,https://www.yatra.com/ythomepagecms/media/todayspick_hotels/2025/Jan/2c227c590deca2afef3de92f15ec26ca.jpg,https://www.yatra.com/offer/details/rbl-card-emi-offers,RBL Bank Platinum Classic Credit Card,
"Flat 15% OFF (up to Rs.5,000)",Coupon Code : YTRBLEMI,31-Dec-25,https://www.yatra.com/ythomepagecms/media/todayspick_hotels/2025/Jan/2c227c590deca2afef3de92f15ec26ca.jpg,https://www.yatra.com/offer/details/rbl-card-emi-offers,RBL Bank Platinum Delight Credit Card,
"Flat 15% OFF (up to Rs.5,000)",Coupon Code : YTRBLEMI,31-Dec-25,https://www.yatra.com/ythomepagecms/media/todayspick_hotels/2025/Jan/2c227c590deca2afef3de92f15ec26ca.jpg,https://www.yatra.com/offer/details/rbl-card-emi-offers,RBL Bank Platinum Edge Credit Card,
"Flat 15% OFF (up to Rs.5,000)",Coupon Code : YTRBLEMI,31-Dec-25,https://www.yatra.com/ythomepagecms/media/todayspick_hotels/2025/Jan/2c227c590deca2afef3de92f15ec26ca.jpg,https://www.yatra.com/offer/details/rbl-card-emi-offers,RBL Bank Platinum Edge MasterCard,
"Flat 15% OFF (up to Rs.5,000)",Coupon Code : YTRBLEMI,31-Dec-25,https://www.yatra.com/ythomepagecms/media/todayspick_hotels/2025/Jan/2c227c590deca2afef3de92f15ec26ca.jpg,https://www.yatra.com/offer/details/rbl-card-emi-offers,RBL Bank Platinum LifeEasy Credit Card,
"Flat 15% OFF (up to Rs.5,000)",Coupon Code : YTRBLEMI,31-Dec-25,https://www.yatra.com/ythomepagecms/media/todayspick_hotels/2025/Jan/2c227c590deca2afef3de92f15ec26ca.jpg,https://www.yatra.com/offer/details/rbl-card-emi-offers,RBL Bank Platinum LifeEasy Visa Credit Card,
"Flat 15% OFF (up to Rs.5,000)",Coupon Code : YTRBLEMI,31-Dec-25,https://www.yatra.com/ythomepagecms/media/todayspick_hotels/2025/Jan/2c227c590deca2afef3de92f15ec26ca.jpg,https://www.yatra.com/offer/details/rbl-card-emi-offers,RBL Bank Platinum Maxima Credit Card,
"Flat 15% OFF (up to Rs.5,000)",Coupon Code : YTRBLEMI,31-Dec-25,https://www.yatra.com/ythomepagecms/media/todayspick_hotels/2025/Jan/2c227c590deca2afef3de92f15ec26ca.jpg,https://www.yatra.com/offer/details/rbl-card-emi-offers,RBL Bank Platinum Plus Credit Card,
"Flat 15% OFF (up to Rs.5,000)",Coupon Code : YTRBLEMI,31-Dec-25,https://www.yatra.com/ythomepagecms/media/todayspick_hotels/2025/Jan/2c227c590deca2afef3de92f15ec26ca.jpg,https://www.yatra.com/offer/details/rbl-card-emi-offers,RBL Bank Platinum Plus Visa Credit Card,
"Flat 15% OFF (up to Rs.5,000)",Coupon Code : YTRBLEMI,31-Dec-25,https://www.yatra.com/ythomepagecms/media/todayspick_hotels/2025/Jan/2c227c590deca2afef3de92f15ec26ca.jpg,https://www.yatra.com/offer/details/rbl-card-emi-offers,RBL Bank Platinum Prime Credit Card,
"Flat 15% OFF (up to Rs.5,000)",Coupon Code : YTRBLEMI,31-Dec-25,https://www.yatra.com/ythomepagecms/media/todayspick_hotels/2025/Jan/2c227c590deca2afef3de92f15ec26ca.jpg,https://www.yatra.com/offer/details/rbl-card-emi-offers,RBL Bank Platinum ShopDaily Credit Card,
"Flat 15% OFF (up to Rs.5,000)",Coupon Code : YTRBLEMI,31-Dec-25,https://www.yatra.com/ythomepagecms/media/todayspick_hotels/2025/Jan/2c227c590deca2afef3de92f15ec26ca.jpg,https://www.yatra.com/offer/details/rbl-card-emi-offers,RBL Bank Platinum ShopDaily Visa Credit Card,
"Flat 15% OFF (up to Rs.5,000)",Coupon Code : YTRBLEMI,31-Dec-25,https://www.yatra.com/ythomepagecms/media/todayspick_hotels/2025/Jan/2c227c590deca2afef3de92f15ec26ca.jpg,https://www.yatra.com/offer/details/rbl-card-emi-offers,RBL Bank Platinum ShopSmart MasterCard Credit Card,
"Flat 15% OFF (up to Rs.5,000)",Coupon Code : YTRBLEMI,31-Dec-25,https://www.yatra.com/ythomepagecms/media/todayspick_hotels/2025/Jan/2c227c590deca2afef3de92f15ec26ca.jpg,https://www.yatra.com/offer/details/rbl-card-emi-offers,RBL Bank Platinum Shopgain  Credit Card,
"Flat 15% OFF (up to Rs.5,000)",Coupon Code : YTRBLEMI,31-Dec-25,https://www.yatra.com/ythomepagecms/media/todayspick_hotels/2025/Jan/2c227c590deca2afef3de92f15ec26ca.jpg,https://www.yatra.com/offer/details/rbl-card-emi-offers,RBL Bank Platinum Shopgain Visa Credit Card,
"Flat 15% OFF (up to Rs.5,000)",Coupon Code : YTRBLEMI,31-Dec-25,https://www.yatra.com/ythomepagecms/media/todayspick_hotels/2025/Jan/2c227c590deca2afef3de92f15ec26ca.jpg,https://www.yatra.com/offer/details/rbl-card-emi-offers,RBL Bank Platinum Shopsmart Credit Card,
"Flat 15% OFF (up to Rs.5,000)",Coupon Code : YTRBLEMI,31-Dec-25,https://www.yatra.com/ythomepagecms/media/todayspick_hotels/2025/Jan/2c227c590deca2afef3de92f15ec26ca.jpg,https://www.yatra.com/offer/details/rbl-card-emi-offers,RBL Bank Platinum TravelEasy Credit Card,
"Flat 15% OFF (up to Rs.5,000)",Coupon Code : YTRBLEMI,31-Dec-25,https://www.yatra.com/ythomepagecms/media/todayspick_hotels/2025/Jan/2c227c590deca2afef3de92f15ec26ca.jpg,https://www.yatra.com/offer/details/rbl-card-emi-offers,RBL Bank Platinum TravelEasy Visa Credit Card,
"Flat 15% OFF (up to Rs.5,000)",Coupon Code : YTRBLEMI,31-Dec-25,https://www.yatra.com/ythomepagecms/media/todayspick_hotels/2025/Jan/2c227c590deca2afef3de92f15ec26ca.jpg,https://www.yatra.com/offer/details/rbl-card-emi-offers,RBL Bank Platinum ValuePlus Credit Card,
"Flat 15% OFF (up to Rs.5,000)",Coupon Code : YTRBLEMI,31-Dec-25,https://www.yatra.com/ythomepagecms/media/todayspick_hotels/2025/Jan/2c227c590deca2afef3de92f15ec26ca.jpg,https://www.yatra.com/offer/details/rbl-card-emi-offers,RBL Bank Platinum ValuePlus MasterCard Credit Card,
"Flat 15% OFF (up to Rs.5,000)",Coupon Code : YTRBLEMI,31-Dec-25,https://www.yatra.com/ythomepagecms/media/todayspick_hotels/2025/Jan/2c227c590deca2afef3de92f15ec26ca.jpg,https://www.yatra.com/offer/details/rbl-card-emi-offers,RBL Bank Play Credit Card,
"Flat 15% OFF (up to Rs.5,000)",Coupon Code : YTRBLEMI,31-Dec-25,https://www.yatra.com/ythomepagecms/media/todayspick_hotels/2025/Jan/2c227c590deca2afef3de92f15ec26ca.jpg,https://www.yatra.com/offer/details/rbl-card-emi-offers,RBL Bank Play Credit Card,
"Flat 15% OFF (up to Rs.5,000)",Coupon Code : YTRBLEMI,31-Dec-25,https://www.yatra.com/ythomepagecms/media/todayspick_hotels/2025/Jan/2c227c590deca2afef3de92f15ec26ca.jpg,https://www.yatra.com/offer/details/rbl-card-emi-offers,RBL Bank SalarySe Up RuPay Credit Card,
"Flat 15% OFF (up to Rs.5,000)",Coupon Code : YTRBLEMI,31-Dec-25,https://www.yatra.com/ythomepagecms/media/todayspick_hotels/2025/Jan/2c227c590deca2afef3de92f15ec26ca.jpg,https://www.yatra.com/offer/details/rbl-card-emi-offers,RBL Bank Shoprite Credit Card,
"Flat 15% OFF (up to Rs.5,000)",Coupon Code : YTRBLEMI,31-Dec-25,https://www.yatra.com/ythomepagecms/media/todayspick_hotels/2025/Jan/2c227c590deca2afef3de92f15ec26ca.jpg,https://www.yatra.com/offer/details/rbl-card-emi-offers,RBL Bank VCard,
"Flat 15% OFF (up to Rs.5,000)",Coupon Code : YTRBLEMI,31-Dec-25,https://www.yatra.com/ythomepagecms/media/todayspick_hotels/2025/Jan/2c227c590deca2afef3de92f15ec26ca.jpg,https://www.yatra.com/offer/details/rbl-card-emi-offers,RBL Bank World Max Credit Card,
"Flat 15% OFF (up to Rs.5,000)",Coupon Code : YTRBLEMI,31-Dec-25,https://www.yatra.com/ythomepagecms/media/todayspick_hotels/2025/Jan/2c227c590deca2afef3de92f15ec26ca.jpg,https://www.yatra.com/offer/details/rbl-card-emi-offers,RBL Bank World Max MasterCard Credit Card,
"Flat 15% OFF (up to Rs.5,000)",Coupon Code : YTRBLEMI,31-Dec-25,https://www.yatra.com/ythomepagecms/media/todayspick_hotels/2025/Jan/2c227c590deca2afef3de92f15ec26ca.jpg,https://www.yatra.com/offer/details/rbl-card-emi-offers,RBL Bank World Plus Credit Card,
"Flat 15% OFF (up to Rs.5,000)",Coupon Code : YTRBLEMI,31-Dec-25,https://www.yatra.com/ythomepagecms/media/todayspick_hotels/2025/Jan/2c227c590deca2afef3de92f15ec26ca.jpg,https://www.yatra.com/offer/details/rbl-card-emi-offers,RBL Bank World Plus MasterCard Credit Card,
"Flat 15% OFF (up to Rs.5,000)",Coupon Code : YTRBLEMI,31-Dec-25,https://www.yatra.com/ythomepagecms/media/todayspick_hotels/2025/Jan/2c227c590deca2afef3de92f15ec26ca.jpg,https://www.yatra.com/offer/details/rbl-card-emi-offers,RBL Bank World Prime Credit Card,
"Flat 15% OFF (up to Rs.5,000)",Coupon Code : YTRBLEMI,31-Dec-25,https://www.yatra.com/ythomepagecms/media/todayspick_hotels/2025/Jan/2c227c590deca2afef3de92f15ec26ca.jpg,https://www.yatra.com/offer/details/rbl-card-emi-offers,RBL Bank World Prime Visa Credit Card,
"Flat 15% OFF (up to Rs.5,000)",Coupon Code : YTRBLEMI,31-Dec-25,https://www.yatra.com/ythomepagecms/media/todayspick_hotels/2025/Jan/2c227c590deca2afef3de92f15ec26ca.jpg,https://www.yatra.com/offer/details/rbl-card-emi-offers,RBL Bank World Safari Credit Card,
"Flat 15% OFF (up to Rs.5,000)",Coupon Code : YTRBLEMI,31-Dec-25,https://www.yatra.com/ythomepagecms/media/todayspick_hotels/2025/Jan/2c227c590deca2afef3de92f15ec26ca.jpg,https://www.yatra.com/offer/details/rbl-card-emi-offers,RBL Bank iGlobe Credit Card,
"Flat 15% OFF (up to Rs.5,000)",Coupon Code : YTRBLEMI,31-Dec-25,https://www.yatra.com/ythomepagecms/media/todayspick_hotels/2025/Jan/2c227c590deca2afef3de92f15ec26ca.jpg,https://www.yatra.com/offer/details/rbl-card-emi-offers,RBL Platinum Maxima Plus Card,
"Flat 15% OFF (up to Rs.5,000)",Coupon Code : YTRBLEMI,31-Dec-25,https://www.yatra.com/ythomepagecms/media/todayspick_hotels/2025/Jan/2c227c590deca2afef3de92f15ec26ca.jpg,https://www.yatra.com/offer/details/rbl-card-emi-offers,TVS Credit RBL Bank Card,
"Flat 15% OFF (up to Rs.5,000)",Coupon Code : YTRBLEMI,31-Dec-25,https://www.yatra.com/ythomepagecms/media/todayspick_hotels/2025/Jan/2c227c590deca2afef3de92f15ec26ca.jpg,https://www.yatra.com/offer/details/rbl-card-emi-offers,TVS Credit RBL Bank Gold Mastercard Card,
"Up to 35% OFF (max. Rs.2,500)",Coupon Code : IDFCEMI,31-Dec-25,https://www.yatra.com/ythomepagecms/media/todayspick_hotels/2025/Sep/7a9265dd10bdf1147a03448944e51aff.jpg,https://www.yatra.com/offer/details/idfc-first-bank-emi-offer,IndiGo IDFC FIRST Credit Card,
"Up to 35% OFF (max. Rs.2,500)",Coupon Code : IDFCEMI,31-Dec-25,https://www.yatra.com/ythomepagecms/media/todayspick_hotels/2025/Sep/7a9265dd10bdf1147a03448944e51aff.jpg,https://www.yatra.com/offer/details/idfc-first-bank-emi-offer,IDFC Bank First Millennia Credit Card,
"Up to 35% OFF (max. Rs.2,500)",Coupon Code : IDFCEMI,31-Dec-25,https://www.yatra.com/ythomepagecms/media/todayspick_hotels/2025/Sep/7a9265dd10bdf1147a03448944e51aff.jpg,https://www.yatra.com/offer/details/idfc-first-bank-emi-offer,IDFC First Ashva Credit Card,
"Up to 35% OFF (max. Rs.2,500)",Coupon Code : IDFCEMI,31-Dec-25,https://www.yatra.com/ythomepagecms/media/todayspick_hotels/2025/Sep/7a9265dd10bdf1147a03448944e51aff.jpg,https://www.yatra.com/offer/details/idfc-first-bank-emi-offer,IDFC First Classic Credit Card,
"Up to 35% OFF (max. Rs.2,500)",Coupon Code : IDFCEMI,31-Dec-25,https://www.yatra.com/ythomepagecms/media/todayspick_hotels/2025/Sep/7a9265dd10bdf1147a03448944e51aff.jpg,https://www.yatra.com/offer/details/idfc-first-bank-emi-offer,IDFC First Earn RuPay Credit Card,
"Up to 35% OFF (max. Rs.2,500)",Coupon Code : IDFCEMI,31-Dec-25,https://www.yatra.com/ythomepagecms/media/todayspick_hotels/2025/Sep/7a9265dd10bdf1147a03448944e51aff.jpg,https://www.yatra.com/offer/details/idfc-first-bank-emi-offer,IDFC First Power Credit Card,
"Up to 35% OFF (max. Rs.2,500)",Coupon Code : IDFCEMI,31-Dec-25,https://www.yatra.com/ythomepagecms/media/todayspick_hotels/2025/Sep/7a9265dd10bdf1147a03448944e51aff.jpg,https://www.yatra.com/offer/details/idfc-first-bank-emi-offer,IDFC First Power+ Credit Card,
"Up to 35% OFF (max. Rs.2,500)",Coupon Code : IDFCEMI,31-Dec-25,https://www.yatra.com/ythomepagecms/media/todayspick_hotels/2025/Sep/7a9265dd10bdf1147a03448944e51aff.jpg,https://www.yatra.com/offer/details/idfc-first-bank-emi-offer,IDFC First Private Credit Card,
"Up to 35% OFF (max. Rs.2,500)",Coupon Code : IDFCEMI,31-Dec-25,https://www.yatra.com/ythomepagecms/media/todayspick_hotels/2025/Sep/7a9265dd10bdf1147a03448944e51aff.jpg,https://www.yatra.com/offer/details/idfc-first-bank-emi-offer,IDFC First SWYP Credit Card,
"Up to 35% OFF (max. Rs.2,500)",Coupon Code : IDFCEMI,31-Dec-25,https://www.yatra.com/ythomepagecms/media/todayspick_hotels/2025/Sep/7a9265dd10bdf1147a03448944e51aff.jpg,https://www.yatra.com/offer/details/idfc-first-bank-emi-offer,IDFC First Select Credit Card,
"Up to 35% OFF (max. Rs.2,500)",Coupon Code : IDFCEMI,31-Dec-25,https://www.yatra.com/ythomepagecms/media/todayspick_hotels/2025/Sep/7a9265dd10bdf1147a03448944e51aff.jpg,https://www.yatra.com/offer/details/idfc-first-bank-emi-offer,IDFC First Wealth Credit Card,
"Up to 35% OFF (max. Rs.2,500)",Coupon Code : IDFCEMI,31-Dec-25,https://www.yatra.com/ythomepagecms/media/todayspick_hotels/2025/Sep/7a9265dd10bdf1147a03448944e51aff.jpg,https://www.yatra.com/offer/details/idfc-first-bank-emi-offer,IDFC First Wow Credit Card,
"Up to 35% OFF (max. Rs.2,500)",Coupon Code : IDFCEMI,31-Dec-25,https://www.yatra.com/ythomepagecms/media/todayspick_hotels/2025/Sep/7a9265dd10bdf1147a03448944e51aff.jpg,https://www.yatra.com/offer/details/idfc-first-bank-emi-offer,IDFC Mayura Credit Card,
"Up to 35% OFF (max. Rs.6,000)",Coupon Code : KOTAKEMI,31-Dec-25,https://www.yatra.com/ythomepagecms/media/todayspick_hotels/2025/Sep/c84a1540575e7006fd57c1a49d60d71a.jpg,https://www.yatra.com/offer/details/kotak-bank-emi-offers,Indianoil Kotak Credit Card,
"Up to 35% OFF (max. Rs.6,000)",Coupon Code : KOTAKEMI,31-Dec-25,https://www.yatra.com/ythomepagecms/media/todayspick_hotels/2025/Sep/c84a1540575e7006fd57c1a49d60d71a.jpg,https://www.yatra.com/offer/details/kotak-bank-emi-offers,Kotak 811 Credit Card,
"Up to 35% OFF (max. Rs.6,000)",Coupon Code : KOTAKEMI,31-Dec-25,https://www.yatra.com/ythomepagecms/media/todayspick_hotels/2025/Sep/c84a1540575e7006fd57c1a49d60d71a.jpg,https://www.yatra.com/offer/details/kotak-bank-emi-offers,Kotak 811 Dream Different Credit Card,
"Up to 35% OFF (max. Rs.6,000)",Coupon Code : KOTAKEMI,31-Dec-25,https://www.yatra.com/ythomepagecms/media/todayspick_hotels/2025/Sep/c84a1540575e7006fd57c1a49d60d71a.jpg,https://www.yatra.com/offer/details/kotak-bank-emi-offers,Kotak IndiGo 6E Rewards Credit Card,
"Up to 35% OFF (max. Rs.6,000)",Coupon Code : KOTAKEMI,31-Dec-25,https://www.yatra.com/ythomepagecms/media/todayspick_hotels/2025/Sep/c84a1540575e7006fd57c1a49d60d71a.jpg,https://www.yatra.com/offer/details/kotak-bank-emi-offers,Kotak IndiGo 6E Rewards XL Credit Card,
"Up to 35% OFF (max. Rs.6,000)",Coupon Code : KOTAKEMI,31-Dec-25,https://www.yatra.com/ythomepagecms/media/todayspick_hotels/2025/Sep/c84a1540575e7006fd57c1a49d60d71a.jpg,https://www.yatra.com/offer/details/kotak-bank-emi-offers,Kotak League Platinum Credit Card,
"Up to 35% OFF (max. Rs.6,000)",Coupon Code : KOTAKEMI,31-Dec-25,https://www.yatra.com/ythomepagecms/media/todayspick_hotels/2025/Sep/c84a1540575e7006fd57c1a49d60d71a.jpg,https://www.yatra.com/offer/details/kotak-bank-emi-offers,Kotak Mojo Platinum Credit Card,
"Up to 35% OFF (max. Rs.6,000)",Coupon Code : KOTAKEMI,31-Dec-25,https://www.yatra.com/ythomepagecms/media/todayspick_hotels/2025/Sep/c84a1540575e7006fd57c1a49d60d71a.jpg,https://www.yatra.com/offer/details/kotak-bank-emi-offers,Kotak Urbane Gold Credit Card,
"Up to 35% OFF (max. Rs.6,000)",Coupon Code : KOTAKEMI,31-Dec-25,https://www.yatra.com/ythomepagecms/media/todayspick_hotels/2025/Sep/c84a1540575e7006fd57c1a49d60d71a.jpg,https://www.yatra.com/offer/details/kotak-bank-emi-offers,Kotak White Credit Card,
"Up to 35% OFF (max. Rs.6,000)",Coupon Code : KOTAKEMI,31-Dec-25,https://www.yatra.com/ythomepagecms/media/todayspick_hotels/2025/Sep/c84a1540575e7006fd57c1a49d60d71a.jpg,https://www.yatra.com/offer/details/kotak-bank-emi-offers,Kotak Zen Signature Credit Card,
"Up to 35% OFF (max. Rs.6,000)",Coupon Code : KOTAKEMI,31-Dec-25,https://www.yatra.com/ythomepagecms/media/todayspick_hotels/2025/Sep/c84a1540575e7006fd57c1a49d60d71a.jpg,https://www.yatra.com/offer/details/kotak-bank-emi-offers,Myntra Kotak Credit Card,
"Up to 35% OFF (max. Rs.6,000)",Coupon Code : KOTAKEMI,31-Dec-25,https://www.yatra.com/ythomepagecms/media/todayspick_hotels/2025/Sep/c84a1540575e7006fd57c1a49d60d71a.jpg,https://www.yatra.com/offer/details/kotak-bank-emi-offers,PVR Inox Kotak Credit Card,
